Year,Month,Day,sentiment,text_tfidf_amazing,text_tfidf_big,text_tfidf_come,text_tfidf_day,text_tfidf_days,text_tfidf_did,text_tfidf_didnt,text_tfidf_dont,text_tfidf_feel,text_tfidf_fun,text_tfidf_getting,text_tfidf_going,text_tfidf_good,text_tfidf_got,text_tfidf_great,text_tfidf_happy,text_tfidf_home,text_tfidf_im,text_tfidf_just,text_tfidf_know,text_tfidf_life,text_tfidf_like,text_tfidf_little,text_tfidf_live,text_tfidf_lol,text_tfidf_looks,text_tfidf_love,text_tfidf_miss,text_tfidf_morning,text_tfidf_mothers,text_tfidf_need,text_tfidf_new,text_tfidf_night,text_tfidf_oh,text_tfidf_play,text_tfidf_really,text_tfidf_saw,text_tfidf_sleep,text_tfidf_sorry,text_tfidf_thanks,text_tfidf_thats,text_tfidf_think,text_tfidf_thought,text_tfidf_time,text_tfidf_today,text_tfidf_tomorrow,text_tfidf_twitter,text_tfidf_want,text_tfidf_went,text_tfidf_work,Time of Tweet_night,Time of Tweet_noon,Platform_ Instagram ,Platform_ Twitter ,Platform_ Twitter  ,Platform_Facebook
0.8848613251428366,-0.8522707059823377,-0.6453302429506743,0,-0.16310736745339036,-0.13931051669133637,-0.1210670106393374,-0.272459848482082,-0.12966864900119177,-0.12287727480484516,-0.13995608007414,3.636119814471238,-0.13689135113075995,-0.12105787008520184,-0.12327961953131979,-0.2088061612768204,-0.19422494769103033,-0.19092787918044743,-0.138589789677694,-0.2105204446279263,-0.16997253180875135,-0.3549270491056286,3.132491755832105,2.7181912164217046,-0.14228523046311664,-0.21343818702673792,-0.12061405322841329,-0.12265708933638197,-0.1325797733810791,-0.12343820641128608,-0.23648872017105496,-0.15675027022208035,-0.14935081199355485,-0.13311268828430547,-0.17338753590073486,-0.17117580690686846,-0.1608337587402006,-0.1230760537534676,-0.12394315997305108,-0.18902198729296876,-0.12376981784288588,-0.11975303710472059,-0.14176451610439014,-0.1383188980972646,-0.18433707326652513,-0.14075597768410064,-0.12094506751954037,-0.1672611982768258,-0.19860344618907771,-0.1693047839573925,-0.13158645471531422,-0.17668164939273,-0.13919579876322133,-0.14709173737707293,-0.7057611914207166,1.408846508619191,-0.7342087577794206,-0.40703866324070626,2.1147629234082532,-0.07142857142857141
0.8848613251428366,0.5296003152400534,-0.1857547965474828,0,-0.16310736745339036,-0.13931051669133637,-0.1210670106393374,-0.272459848482082,-0.12966864900119177,-0.12287727480484516,-0.13995608007414,3.774015819329734,-0.13689135113075995,-0.12105787008520184,8.665735005193188,-0.2088061612768204,-0.19422494769103033,-0.19092787918044743,-0.138589789677694,-0.2105204446279263,-0.16997253180875135,-0.3549270491056286,-0.25166069244323896,-0.23323454718310543,-0.14228523046311664,-0.21343818702673792,-0.12061405322841329,-0.12265708933638197,-0.1325797733810791,-0.12343820641128608,-0.23648872017105496,-0.15675027022208035,-0.14935081199355485,-0.13311268828430547,-0.17338753590073486,-0.17117580690686846,-0.1608337587402006,-0.1230760537534676,-0.12394315997305108,-0.18902198729296876,-0.12376981784288588,-0.11975303710472059,-0.14176451610439014,-0.1383188980972646,-0.18433707326652513,-0.14075597768410064,-0.12094506751954037,-0.1672611982768258,-0.19860344618907771,-0.1693047839573925,-0.13158645471531422,-0.17668164939273,-0.13919579876322133,-0.14709173737707293,1.4169098728522782,-0.7098005310600505,1.3620104492139977,-0.40703866324070626,-0.47286624374346037,-0.07142857142857141
0.18549249443819701,-0.5758965017378596,-0.07086093494668493,1,-0.16310736745339036,-0.13931051669133637,-0.1210670106393374,-0.272459848482082,-0.12966864900119177,-0.12287727480484516,-0.13995608007414,-0.21168593274693365,-0.13689135113075995,-0.12105787008520184,-0.12327961953131979,-0.2088061612768204,-0.19422494769103033,-0.19092787918044743,-0.138589789677694,-0.2105204446279263,-0.16997253180875135,-0.3549270491056286,-0.25166069244323896,-0.23323454718310543,-0.14228523046311664,-0.21343818702673792,-0.12061405322841329,-0.12265708933638197,-0.1325797733810791,-0.12343820641128608,-0.23648872017105496,-0.15675027022208035,8.04874397108542,-0.13311268828430547,-0.17338753590073486,-0.17117580690686846,-0.1608337587402006,-0.1230760537534676,-0.12394315997305108,-0.18902198729296876,-0.12376981784288588,-0.11975303710472059,-0.14176451610439014,-0.1383188980972646,-0.18433707326652513,-0.14075597768410064,-0.12094506751954037,-0.1672611982768258,-0.19860344618907771,-0.1693047839573925,-0.13158645471531422,-0.17668164939273,-0.13919579876322133,-0.14709173737707293,1.4169098728522782,-0.7098005310600505,-0.7342087577794206,-0.40703866324070626,-0.47286624374346037,-0.07142857142857141
0.8848613251428366,-1.4050191144712942,1.7674408506660813,1,-0.16310736745339036,-0.13931051669133637,-0.1210670106393374,-0.272459848482082,-0.12966864900119177,-0.12287727480484516,-0.13995608007414,-0.21168593274693365,-0.13689135113075995,-0.12105787008520184,-0.12327961953131979,-0.2088061612768204,-0.19422494769103033,-0.19092787918044743,-0.138589789677694,-0.2105204446279263,-0.16997253180875135,-0.3549270491056286,-0.25166069244323896,-0.23323454718310543,-0.14228523046311664,-0.21343818702673792,-0.12061405322841329,-0.12265708933638197,-0.1325797733810791,-0.12343820641128608,-0.23648872017105496,-0.15675027022208035,-0.14935081199355485,-0.13311268828430547,-0.17338753590073486,-0.17117580690686846,-0.1608337587402006,-0.1230760537534676,-0.12394315997305108,-0.18902198729296876,-0.12376981784288588,-0.11975303710472059,-0.14176451610439014,-0.1383188980972646,-0.18433707326652513,-0.14075597768410064,-0.12094506751954037,-0.1672611982768258,-0.19860344618907771,-0.1693047839573925,-0.13158645471531422,-0.17668164939273,-0.13919579876322133,8.544450948303881,1.4169098728522782,-0.7098005310600505,-0.7342087577794206,-0.40703866324070626,-0.47286624374346037,-0.07142857142857141
0.8848613251428366,-0.8522707059823377,1.6525469890652835,1,-0.16310736745339036,-0.13931051669133637,-0.1210670106393374,-0.272459848482082,-0.12966864900119177,-0.12287727480484516,-0.13995608007414,-0.21168593274693365,-0.13689135113075995,-0.12105787008520184,-0.12327961953131979,-0.2088061612768204,-0.19422494769103033,-0.19092787918044743,-0.138589789677694,-0.2105204446279263,-0.16997253180875135,-0.3549270491056286,-0.25166069244323896,-0.23323454718310543,-0.14228523046311664,-0.21343818702673792,-0.12061405322841329,-0.12265708933638197,-0.1325797733810791,-0.12343820641128608,-0.23648872017105496,-0.15675027022208035,-0.14935081199355485,-0.13311268828430547,-0.17338753590073486,-0.17117580690686846,-0.1608337587402006,-0.1230760537534676,-0.12394315997305108,-0.18902198729296876,-0.12376981784288588,-0.11975303710472059,-0.14176451610439014,-0.1383188980972646,-0.18433707326652513,-0.14075597768410064,-0.12094506751954037,-0.1672611982768258,-0.19860344618907771,-0.1693047839573925,-0.13158645471531422,-0.17668164939273,-0.13919579876322133,8.544450948303881,-0.7057611914207166,1.408846508619191,1.3620104492139977,-0.40703866324070626,-0.47286624374346037,-0.07142857142857141
-0.5138763362664426,1.358722927973488,-0.6453302429506743,0,-0.16310736745339036,-0.13931051669133637,-0.1210670106393374,-0.272459848482082,-0.12966864900119177,-0.12287727480484516,-0.13995608007414,-0.21168593274693365,-0.13689135113075995,-0.12105787008520184,-0.12327961953131979,-0.2088061612768204,-0.19422494769103033,-0.19092787918044743,-0.138589789677694,-0.2105204446279263,-0.16997253180875135,-0.3549270491056286,-0.25166069244323896,-0.23323454718310543,-0.14228523046311664,-0.21343818702673792,-0.12061405322841329,-0.12265708933638197,-0.1325797733810791,-0.12343820641128608,-0.23648872017105496,-0.15675027022208035,-0.14935081199355485,-0.13311268828430547,-0.17338753590073486,-0.17117580690686846,-0.1608337587402006,-0.1230760537534676,-0.12394315997305108,-0.18902198729296876,-0.12376981784288588,-0.11975303710472059,-0.14176451610439014,-0.1383188980972646,-0.18433707326652513,-0.14075597768410064,-0.12094506751954037,-0.1672611982768258,-0.19860344618907771,-0.1693047839573925,-0.13158645471531422,-0.17668164939273,-0.13919579876322133,-0.14709173737707293,-0.7057611914207166,-0.7098005310600505,1.3620104492139977,-0.40703866324070626,-0.47286624374346037,-0.07142857142857141
0.8848613251428366,0.5296003152400534,0.04403292665411297,2,-0.16310736745339036,-0.13931051669133637,-0.1210670106393374,-0.272459848482082,-0.12966864900119177,-0.12287727480484516,-0.13995608007414,-0.21168593274693365,-0.13689135113075995,-0.12105787008520184,-0.12327961953131979,-0.2088061612768204,-0.19422494769103033,-0.19092787918044743,-0.138589789677694,-0.2105204446279263,-0.16997253180875135,-0.3549270491056286,-0.25166069244323896,-0.23323454718310543,-0.14228523046311664,-0.21343818702673792,-0.12061405322841329,-0.12265708933638197,-0.1325797733810791,-0.12343820641128608,-0.23648872017105496,-0.15675027022208035,-0.14935081199355485,-0.13311268828430547,-0.17338753590073486,-0.17117580690686846,-0.1608337587402006,-0.1230760537534676,-0.12394315997305108,-0.18902198729296876,-0.12376981784288588,-0.11975303710472059,-0.14176451610439014,-0.1383188980972646,-0.18433707326652513,-0.14075597768410064,-0.12094506751954037,-0.1672611982768258,-0.19860344618907771,-0.1693047839573925,-0.13158645471531422,-0.17668164939273,-0.13919579876322133,-0.14709173737707293,1.4169098728522782,-0.7098005310600505,1.3620104492139977,-0.40703866324070626,-0.47286624374346037,-0.07142857142857141
-3.311351659085001,-0.023148093248903084,0.5036083730573045,2,-0.16310736745339036,-0.13931051669133637,-0.1210670106393374,-0.272459848482082,-0.12966864900119177,-0.12287727480484516,-0.13995608007414,-0.21168593274693365,-0.13689135113075995,-0.12105787008520184,-0.12327961953131979,-0.2088061612768204,-0.19422494769103033,-0.19092787918044743,-0.138589789677694,-0.2105204446279263,-0.16997253180875135,-0.3549270491056286,-0.25166069244323896,-0.23323454718310543,-0.14228523046311664,-0.21343818702673792,-0.12061405322841329,-0.12265708933638197,-0.1325797733810791,-0.12343820641128608,-0.23648872017105496,-0.15675027022208035,-0.14935081199355485,-0.13311268828430547,-0.17338753590073486,-0.17117580690686846,-0.1608337587402006,-0.1230760537534676,-0.12394315997305108,-0.18902198729296876,-0.12376981784288588,-0.11975303710472059,-0.14176451610439014,-0.1383188980972646,-0.18433707326652513,-0.14075597768410064,-0.12094506751954037,-0.1672611982768258,-0.19860344618907771,-0.1693047839573925,-0.13158645471531422,-0.17668164939273,-0.13919579876322133,-0.14709173737707293,-0.7057611914207166,1.408846508619191,1.3620104492139977,-0.40703866324070626,-0.47286624374346037,-0.07142857142857141
0.8848613251428366,0.2532261109955751,0.04403292665411297,1,-0.16310736745339036,-0.13931051669133637,-0.1210670106393374,-0.272459848482082,-0.12966864900119177,-0.12287727480484516,-0.13995608007414,-0.21168593274693365,-0.13689135113075995,-0.12105787008520184,-0.12327961953131979,-0.2088061612768204,-0.19422494769103033,-0.19092787918044743,-0.138589789677694,-0.2105204446279263,-0.16997253180875135,-0.3549270491056286,-0.25166069244323896,-0.23323454718310543,-0.14228523046311664,-0.21343818702673792,-0.12061405322841329,-0.12265708933638197,-0.1325797733810791,-0.12343820641128608,-0.23648872017105496,-0.15675027022208035,-0.14935081199355485,-0.13311268828430547,-0.17338753590073486,-0.17117580690686846,-0.1608337587402006,-0.1230760537534676,-0.12394315997305108,-0.18902198729296876,-0.12376981784288588,-0.11975303710472059,-0.14176451610439014,-0.1383188980972646,-0.18433707326652513,-0.14075597768410064,-0.12094506751954037,-0.1672611982768258,-0.19860344618907771,-0.1693047839573925,-0.13158645471531422,-0.17668164939273,-0.13919579876322133,-0.14709173737707293,-0.7057611914207166,1.408846508619191,-0.7342087577794206,-0.40703866324070626,-0.47286624374346037,-0.07142857142857141
-0.5138763362664426,0.8059745194845316,1.4227592658636876,2,-0.16310736745339036,-0.13931051669133637,-0.1210670106393374,-0.272459848482082,-0.12966864900119177,-0.12287727480484516,-0.13995608007414,-0.21168593274693365,-0.13689135113075995,-0.12105787008520184,-0.12327961953131979,-0.2088061612768204,-0.19422494769103033,-0.19092787918044743,-0.138589789677694,-0.2105204446279263,-0.16997253180875135,-0.3549270491056286,-0.25166069244323896,-0.23323454718310543,-0.14228523046311664,-0.21343818702673792,-0.12061405322841329,-0.12265708933638197,-0.1325797733810791,-0.12343820641128608,-0.23648872017105496,-0.15675027022208035,-0.14935081199355485,-0.13311268828430547,-0.17338753590073486,-0.17117580690686846,-0.1608337587402006,-0.1230760537534676,-0.12394315997305108,-0.18902198729296876,-0.12376981784288588,-0.11975303710472059,-0.14176451610439014,8.141689098066443,-0.18433707326652513,-0.14075597768410064,-0.12094506751954037,-0.1672611982768258,-0.19860344618907771,-0.1693047839573925,-0.13158645471531422,-0.17668164939273,-0.13919579876322133,-0.14709173737707293,1.4169098728522782,-0.7098005310600505,1.3620104492139977,-0.40703866324070626,-0.47286624374346037,-0.07142857142857141
-0.8635607516187623,1.6350971322179662,-1.2197995509546637,0,-0.16310736745339036,-0.13931051669133637,-0.1210670106393374,-0.272459848482082,-0.12966864900119177,-0.12287727480484516,-0.13995608007414,-0.21168593274693365,-0.13689135113075995,-0.12105787008520184,-0.12327961953131979,-0.2088061612768204,-0.19422494769103033,-0.19092787918044743,-0.138589789677694,-0.2105204446279263,-0.16997253180875135,-0.3549270491056286,-0.25166069244323896,-0.23323454718310543,-0.14228523046311664,-0.21343818702673792,-0.12061405322841329,-0.12265708933638197,-0.1325797733810791,-0.12343820641128608,-0.23648872017105496,-0.15675027022208035,-0.14935081199355485,-0.13311268828430547,-0.17338753590073486,-0.17117580690686846,-0.1608337587402006,-0.1230760537534676,-0.12394315997305108,-0.18902198729296876,-0.12376981784288588,-0.11975303710472059,-0.14176451610439014,-0.1383188980972646,-0.18433707326652513,-0.14075597768410064,-0.12094506751954037,-0.1672611982768258,-0.19860344618907771,-0.1693047839573925,-0.13158645471531422,-0.17668164939273,-0.13919579876322133,-0.14709173737707293,1.4169098728522782,-0.7098005310600505,1.3620104492139977,-0.40703866324070626,-0.47286624374346037,-0.07142857142857141
-2.961667243732681,-0.8522707059823377,-0.6453302429506743,2,-0.16310736745339036,-0.13931051669133637,-0.1210670106393374,-0.272459848482082,-0.12966864900119177,-0.12287727480484516,-0.13995608007414,-0.21168593274693365,-0.13689135113075995,-0.12105787008520184,-0.12327961953131979,-0.2088061612768204,-0.19422494769103033,-0.19092787918044743,-0.138589789677694,-0.2105204446279263,-0.16997253180875135,-0.3549270491056286,-0.25166069244323896,-0.23323454718310543,-0.14228523046311664,-0.21343818702673792,-0.12061405322841329,9.190304031692694,-0.1325797733810791,-0.12343820641128608,-0.23648872017105496,-0.15675027022208035,-0.14935081199355485,-0.13311268828430547,-0.17338753590073486,-0.17117580690686846,-0.1608337587402006,-0.1230760537534676,-0.12394315997305108,-0.18902198729296876,-0.12376981784288588,-0.11975303710472059,-0.14176451610439014,-0.1383188980972646,-0.18433707326652513,-0.14075597768410064,-0.12094506751954037,-0.1672611982768258,-0.19860344618907771,-0.1693047839573925,-0.13158645471531422,-0.17668164939273,-0.13919579876322133,-0.14709173737707293,-0.7057611914207166,-0.7098005310600505,-0.7342087577794206,-0.40703866324070626,-0.47286624374346037,-0.07142857142857141
0.8848613251428366,1.0823487237290097,0.5036083730573045,1,-0.16310736745339036,-0.13931051669133637,-0.1210670106393374,3.976163075694195,-0.12966864900119177,-0.12287727480484516,-0.13995608007414,-0.21168593274693365,-0.13689135113075995,-0.12105787008520184,-0.12327961953131979,5.400896820192201,-0.19422494769103033,-0.19092787918044743,-0.138589789677694,-0.2105204446279263,-0.16997253180875135,-0.3549270491056286,-0.25166069244323896,-0.23323454718310543,-0.14228523046311664,-0.21343818702673792,-0.12061405322841329,-0.12265708933638197,-0.1325797733810791,-0.12343820641128608,-0.23648872017105496,-0.15675027022208035,-0.14935081199355485,-0.13311268828430547,-0.17338753590073486,-0.17117580690686846,-0.1608337587402006,-0.1230760537534676,-0.12394315997305108,-0.18902198729296876,-0.12376981784288588,-0.11975303710472059,-0.14176451610439014,-0.1383188980972646,-0.18433707326652513,-0.14075597768410064,-0.12094506751954037,-0.1672611982768258,-0.19860344618907771,-0.1693047839573925,-0.13158645471531422,-0.17668164939273,-0.13919579876322133,-0.14709173737707293,1.4169098728522782,-0.7098005310600505,1.3620104492139977,-0.40703866324070626,-0.47286624374346037,-0.07142857142857141
-0.5138763362664426,1.358722927973488,1.6525469890652835,2,-0.16310736745339036,-0.13931051669133637,-0.1210670106393374,-0.272459848482082,-0.12966864900119177,-0.12287727480484516,-0.13995608007414,-0.21168593274693365,-0.13689135113075995,-0.12105787008520184,-0.12327961953131979,-0.2088061612768204,-0.19422494769103033,-0.19092787918044743,-0.138589789677694,-0.2105204446279263,-0.16997253180875135,-0.3549270491056286,-0.25166069244323896,-0.23323454718310543,-0.14228523046311664,-0.21343818702673792,-0.12061405322841329,-0.12265708933638197,-0.1325797733810791,-0.12343820641128608,4.882450688720862,-0.15675027022208035,-0.14935081199355485,-0.13311268828430547,-0.17338753590073486,-0.17117580690686846,-0.1608337587402006,-0.1230760537534676,-0.12394315997305108,-0.18902198729296876,-0.12376981784288588,-0.11975303710472059,-0.14176451610439014,-0.1383188980972646,-0.18433707326652513,-0.14075597768410064,-0.12094506751954037,-0.1672611982768258,-0.19860344618907771,-0.1693047839573925,-0.13158645471531422,-0.17668164939273,-0.13919579876322133,-0.14709173737707293,-0.7057611914207166,1.408846508619191,1.3620104492139977,-0.40703866324070626,-0.47286624374346037,-0.07142857142857141
0.18549249443819701,1.0823487237290097,-1.5644811357570574,0,-0.16310736745339036,-0.13931051669133637,-0.1210670106393374,-0.272459848482082,-0.12966864900119177,-0.12287727480484516,-0.13995608007414,-0.21168593274693365,-0.13689135113075995,-0.12105787008520184,-0.12327961953131979,-0.2088061612768204,-0.19422494769103033,3.7626760429809805,-0.138589789677694,-0.2105204446279263,-0.16997253180875135,-0.3549270491056286,-0.25166069244323896,-0.23323454718310543,-0.14228523046311664,-0.21343818702673792,6.43897081194521,-0.12265708933638197,-0.1325797733810791,-0.12343820641128608,-0.23648872017105496,-0.15675027022208035,-0.14935081199355485,-0.13311268828430547,-0.17338753590073486,-0.17117580690686846,-0.1608337587402006,-0.1230760537534676,-0.12394315997305108,-0.18902198729296876,-0.12376981784288588,-0.11975303710472059,-0.14176451610439014,-0.1383188980972646,-0.18433707326652513,-0.14075597768410064,-0.12094506751954037,5.684840284010461,-0.19860344618907771,-0.1693047839573925,-0.13158645471531422,-0.17668164939273,-0.13919579876322133,-0.14709173737707293,-0.7057611914207166,-0.7098005310600505,-0.7342087577794206,2.456769074559977,-0.47286624374346037,-0.07142857142857141
-1.562929582323402,-1.128644910226816,1.4227592658636876,1,-0.16310736745339036,-0.13931051669133637,-0.1210670106393374,-0.272459848482082,-0.12966864900119177,-0.12287727480484516,-0.13995608007414,-0.21168593274693365,-0.13689135113075995,-0.12105787008520184,-0.12327961953131979,-0.2088061612768204,-0.19422494769103033,-0.19092787918044743,-0.138589789677694,-0.2105204446279263,-0.16997253180875135,-0.3549270491056286,-0.25166069244323896,-0.23323454718310543,-0.14228523046311664,-0.21343818702673792,-0.12061405322841329,-0.12265708933638197,-0.1325797733810791,-0.12343820641128608,-0.23648872017105496,-0.15675027022208035,-0.14935081199355485,-0.13311268828430547,6.494965675098376,-0.17117580690686846,-0.1608337587402006,-0.1230760537534676,-0.12394315997305108,-0.18902198729296876,-0.12376981784288588,-0.11975303710472059,-0.14176451610439014,-0.1383188980972646,-0.18433707326652513,-0.14075597768410064,-0.12094506751954037,-0.1672611982768258,-0.19860344618907771,-0.1693047839573925,-0.13158645471531422,-0.17668164939273,-0.13919579876322133,-0.14709173737707293,-0.7057611914207166,1.408846508619191,-0.7342087577794206,-0.40703866324070626,2.1147629234082532,-0.07142857142857141
0.8848613251428366,-1.4050191144712942,-0.07086093494668493,2,-0.16310736745339036,-0.13931051669133637,-0.1210670106393374,-0.272459848482082,-0.12966864900119177,-0.12287727480484516,-0.13995608007414,-0.21168593274693365,-0.13689135113075995,-0.12105787008520184,-0.12327961953131979,-0.2088061612768204,-0.19422494769103033,-0.19092787918044743,-0.138589789677694,-0.2105204446279263,-0.16997253180875135,-0.3549270491056286,-0.25166069244323896,-0.23323454718310543,-0.14228523046311664,6.111394935670573,-0.12061405322841329,-0.12265708933638197,-0.1325797733810791,-0.12343820641128608,-0.23648872017105496,-0.15675027022208035,-0.14935081199355485,-0.13311268828430547,-0.17338753590073486,-0.17117580690686846,-0.1608337587402006,-0.1230760537534676,-0.12394315997305108,-0.18902198729296876,-0.12376981784288588,-0.11975303710472059,-0.14176451610439014,-0.1383188980972646,-0.18433707326652513,-0.14075597768410064,-0.12094506751954037,-0.1672611982768258,-0.19860344618907771,-0.1693047839573925,-0.13158645471531422,-0.17668164939273,-0.13919579876322133,-0.14709173737707293,-0.7057611914207166,-0.7098005310600505,-0.7342087577794206,2.456769074559977,-0.47286624374346037,-0.07142857142857141
0.8848613251428366,1.0823487237290097,0.15892678825491086,2,-0.16310736745339036,-0.13931051669133637,-0.1210670106393374,2.5023526195921253,-0.12966864900119177,-0.12287727480484516,-0.13995608007414,-0.21168593274693365,-0.13689135113075995,-0.12105787008520184,-0.12327961953131979,-0.2088061612768204,-0.19422494769103033,-0.19092787918044743,-0.138589789677694,4.020717840348872,-0.16997253180875135,-0.3549270491056286,-0.25166069244323896,-0.23323454718310543,-0.14228523046311664,-0.21343818702673792,-0.12061405322841329,-0.12265708933638197,-0.1325797733810791,-0.12343820641128608,2.1560520773854144,-0.15675027022208035,-0.14935081199355485,5.6700751479588805,-0.17338753590073486,-0.17117580690686846,-0.1608337587402006,-0.1230760537534676,-0.12394315997305108,-0.18902198729296876,-0.12376981784288588,-0.11975303710472059,-0.14176451610439014,-0.1383188980972646,-0.18433707326652513,-0.14075597768410064,-0.12094506751954037,-0.1672611982768258,-0.19860344618907771,-0.1693047839573925,-0.13158645471531422,-0.17668164939273,-0.13919579876322133,-0.14709173737707293,-0.7057611914207166,1.408846508619191,1.3620104492139977,-0.40703866324070626,-0.47286624374346037,-0.07142857142857141
0.8848613251428366,1.0823487237290097,-1.5644811357570574,1,-0.16310736745339036,-0.13931051669133637,-0.1210670106393374,-0.272459848482082,9.272619299445731,-0.12287727480484516,-0.13995608007414,-0.21168593274693365,-0.13689135113075995,-0.12105787008520184,-0.12327961953131979,-0.2088061612768204,-0.19422494769103033,-0.19092787918044743,-0.138589789677694,-0.2105204446279263,-0.16997253180875135,-0.3549270491056286,-0.25166069244323896,-0.23323454718310543,-0.14228523046311664,-0.21343818702673792,-0.12061405322841329,-0.12265708933638197,-0.1325797733810791,-0.12343820641128608,-0.23648872017105496,-0.15675027022208035,-0.14935081199355485,-0.13311268828430547,-0.17338753590073486,-0.17117580690686846,-0.1608337587402006,-0.1230760537534676,-0.12394315997305108,-0.18902198729296876,-0.12376981784288588,-0.11975303710472059,-0.14176451610439014,-0.1383188980972646,-0.18433707326652513,-0.14075597768410064,-0.12094506751954037,-0.1672611982768258,-0.19860344618907771,-0.1693047839573925,-0.13158645471531422,-0.17668164939273,-0.13919579876322133,-0.14709173737707293,-0.7057611914207166,-0.7098005310600505,-0.7342087577794206,2.456769074559977,-0.47286624374346037,-0.07142857142857141
0.8848613251428366,-1.128644910226816,0.15892678825491086,1,-0.16310736745339036,-0.13931051669133637,-0.1210670106393374,-0.272459848482082,-0.12966864900119177,-0.12287727480484516,-0.13995608007414,-0.21168593274693365,-0.13689135113075995,-0.12105787008520184,-0.12327961953131979,-0.2088061612768204,-0.19422494769103033,-0.19092787918044743,-0.138589789677694,-0.2105204446279263,-0.16997253180875135,-0.3549270491056286,-0.25166069244323896,-0.23323454718310543,-0.14228523046311664,-0.21343818702673792,-0.12061405322841329,-0.12265708933638197,-0.1325797733810791,-0.12343820641128608,-0.23648872017105496,-0.15675027022208035,-0.14935081199355485,-0.13311268828430547,-0.17338753590073486,-0.17117580690686846,-0.1608337587402006,-0.1230760537534676,-0.12394315997305108,-0.18902198729296876,-0.12376981784288588,-0.11975303710472059,-0.14176451610439014,-0.1383188980972646,-0.18433707326652513,-0.14075597768410064,-0.12094506751954037,-0.1672611982768258,-0.19860344618907771,-0.1693047839573925,-0.13158645471531422,-0.17668164939273,-0.13919579876322133,-0.14709173737707293,-0.7057611914207166,1.408846508619191,1.3620104492139977,-0.40703866324070626,-0.47286624374346037,-0.07142857142857141
0.8848613251428366,-0.2995222974933813,1.078077681061294,2,4.4852332819392595,-0.13931051669133637,-0.1210670106393374,-0.272459848482082,-0.12966864900119177,-0.12287727480484516,-0.13995608007414,-0.21168593274693365,-0.13689135113075995,-0.12105787008520184,-0.12327961953131979,-0.2088061612768204,-0.19422494769103033,-0.19092787918044743,-0.138589789677694,-0.2105204446279263,-0.16997253180875135,-0.3549270491056286,-0.25166069244323896,-0.23323454718310543,-0.14228523046311664,-0.21343818702673792,-0.12061405322841329,-0.12265708933638197,-0.1325797733810791,-0.12343820641128608,-0.23648872017105496,-0.15675027022208035,-0.14935081199355485,-0.13311268828430547,-0.17338753590073486,-0.17117580690686846,-0.1608337587402006,-0.1230760537534676,-0.12394315997305108,4.282972656150471,-0.12376981784288588,-0.11975303710472059,-0.14176451610439014,-0.1383188980972646,-0.18433707326652513,-0.14075597768410064,-0.12094506751954037,5.9380413918892465,-0.19860344618907771,-0.1693047839573925,-0.13158645471531422,-0.17668164939273,-0.13919579876322133,-0.14709173737707293,1.4169098728522782,-0.7098005310600505,-0.7342087577794206,-0.40703866324070626,-0.47286624374346037,-0.07142857142857141
-0.16419192091412277,-0.5758965017378596,-1.5644811357570574,1,-0.16310736745339036,-0.13931051669133637,-0.1210670106393374,2.4137862256301608,-0.12966864900119177,7.4561246809323825,-0.13995608007414,-0.21168593274693365,-0.13689135113075995,-0.12105787008520184,-0.12327961953131979,-0.2088061612768204,-0.19422494769103033,-0.19092787918044743,-0.138589789677694,-0.2105204446279263,-0.16997253180875135,-0.3549270491056286,-0.25166069244323896,-0.23323454718310543,-0.14228523046311664,-0.21343818702673792,-0.12061405322841329,-0.12265708933638197,-0.1325797733810791,-0.12343820641128608,2.079687020905211,-0.15675027022208035,-0.14935081199355485,-0.13311268828430547,-0.17338753590073486,3.898604362122341,-0.1608337587402006,-0.1230760537534676,-0.12394315997305108,-0.18902198729296876,-0.12376981784288588,-0.11975303710472059,-0.14176451610439014,-0.1383188980972646,-0.18433707326652513,-0.14075597768410064,-0.12094506751954037,-0.1672611982768258,-0.19860344618907771,-0.1693047839573925,-0.13158645471531422,-0.17668164939273,-0.13919579876322133,-0.14709173737707293,-0.7057611914207166,-0.7098005310600505,1.3620104492139977,-0.40703866324070626,-0.47286624374346037,-0.07142857142857141
-2.6119828283803614,-0.5758965017378596,0.5036083730573045,0,-0.16310736745339036,-0.13931051669133637,-0.1210670106393374,-0.272459848482082,4.534884925038464,-0.12287727480484516,-0.13995608007414,-0.21168593274693365,-0.13689135113075995,-0.12105787008520184,-0.12327961953131979,-0.2088061612768204,-0.19422494769103033,-0.19092787918044743,-0.138589789677694,-0.2105204446279263,-0.16997253180875135,-0.3549270491056286,-0.25166069244323896,-0.23323454718310543,5.413765273406984,-0.21343818702673792,-0.12061405322841329,-0.12265708933638197,-0.1325797733810791,-0.12343820641128608,-0.23648872017105496,-0.15675027022208035,-0.14935081199355485,-0.13311268828430547,-0.17338753590073486,-0.17117580690686846,-0.1608337587402006,-0.1230760537534676,-0.12394315997305108,-0.18902198729296876,-0.12376981784288588,5.916599652870173,-0.14176451610439014,-0.1383188980972646,-0.18433707326652513,-0.14075597768410064,5.141139861957006,-0.1672611982768258,-0.19860344618907771,-0.1693047839573925,-0.13158645471531422,-0.17668164939273,-0.13919579876322133,-0.14709173737707293,-0.7057611914207166,-0.7098005310600505,-0.7342087577794206,-0.40703866324070626,-0.47286624374346037,-0.07142857142857141
-1.562929582323402,0.2532261109955751,-0.6453302429506743,0,-0.16310736745339036,-0.13931051669133637,-0.1210670106393374,-0.272459848482082,-0.12966864900119177,-0.12287727480484516,-0.13995608007414,-0.21168593274693365,-0.13689135113075995,-0.12105787008520184,-0.12327961953131979,-0.2088061612768204,-0.19422494769103033,-0.19092787918044743,-0.138589789677694,-0.2105204446279263,-0.16997253180875135,-0.3549270491056286,-0.25166069244323896,-0.23323454718310543,7.761495783691215,-0.21343818702673792,-0.12061405322841329,-0.12265708933638197,-0.1325797733810791,-0.12343820641128608,-0.23648872017105496,-0.15675027022208035,-0.14935081199355485,-0.13311268828430547,-0.17338753590073486,-0.17117580690686846,-0.1608337587402006,8.787936990533,-0.12394315997305108,-0.18902198729296876,-0.12376981784288588,-0.11975303710472059,-0.14176451610439014,-0.1383188980972646,-0.18433707326652513,-0.14075597768410064,-0.12094506751954037,-0.1672611982768258,-0.19860344618907771,-0.1693047839573925,-0.13158645471531422,-0.17668164939273,-0.13919579876322133,-0.14709173737707293,1.4169098728522782,-0.7098005310600505,1.3620104492139977,-0.40703866324070626,-0.47286624374346037,-0.07142857142857141
0.8848613251428366,-1.4050191144712942,1.6525469890652835,0,-0.16310736745339036,-0.13931051669133637,-0.1210670106393374,-0.272459848482082,-0.12966864900119177,-0.12287727480484516,-0.13995608007414,-0.21168593274693365,-0.13689135113075995,-0.12105787008520184,-0.12327961953131979,-0.2088061612768204,-0.19422494769103033,7.282488569807571,-0.138589789677694,-0.2105204446279263,-0.16997253180875135,-0.3549270491056286,-0.25166069244323896,-0.23323454718310543,-0.14228523046311664,-0.21343818702673792,-0.12061405322841329,-0.12265708933638197,-0.1325797733810791,-0.12343820641128608,-0.23648872017105496,-0.15675027022208035,-0.14935081199355485,-0.13311268828430547,-0.17338753590073486,-0.17117580690686846,-0.1608337587402006,-0.1230760537534676,-0.12394315997305108,-0.18902198729296876,-0.12376981784288588,-0.11975303710472059,-0.14176451610439014,-0.1383188980972646,-0.18433707326652513,-0.14075597768410064,-0.12094506751954037,-0.1672611982768258,-0.19860344618907771,-0.1693047839573925,-0.13158645471531422,-0.17668164939273,-0.13919579876322133,-0.14709173737707293,1.4169098728522782,-0.7098005310600505,-0.7342087577794206,-0.40703866324070626,-0.47286624374346037,-0.07142857142857141
0.8848613251428366,-1.4050191144712942,1.078077681061294,1,-0.16310736745339036,-0.13931051669133637,-0.1210670106393374,-0.272459848482082,6.855850736842566,-0.12287727480484516,-0.13995608007414,-0.21168593274693365,-0.13689135113075995,-0.12105787008520184,-0.12327961953131979,-0.2088061612768204,-0.19422494769103033,-0.19092787918044743,-0.138589789677694,-0.2105204446279263,5.627273489942557,-0.3549270491056286,-0.25166069244323896,-0.23323454718310543,-0.14228523046311664,-0.21343818702673792,-0.12061405322841329,-0.12265708933638197,-0.1325797733810791,-0.12343820641128608,-0.23648872017105496,-0.15675027022208035,-0.14935081199355485,-0.13311268828430547,-0.17338753590073486,-0.17117580690686846,-0.1608337587402006,-0.1230760537534676,-0.12394315997305108,-0.18902198729296876,-0.12376981784288588,-0.11975303710472059,-0.14176451610439014,-0.1383188980972646,-0.18433707326652513,-0.14075597768410064,-0.12094506751954037,-0.1672611982768258,-0.19860344618907771,-0.1693047839573925,-0.13158645471531422,-0.17668164939273,-0.13919579876322133,-0.14709173737707293,-0.7057611914207166,-0.7098005310600505,-0.7342087577794206,-0.40703866324070626,-0.47286624374346037,-0.07142857142857141
0.8848613251428366,0.5296003152400534,0.8482899578596982,0,-0.16310736745339036,-0.13931051669133637,-0.1210670106393374,-0.272459848482082,-0.12966864900119177,-0.12287727480484516,-0.13995608007414,-0.21168593274693365,-0.13689135113075995,-0.12105787008520184,-0.12327961953131979,-0.2088061612768204,-0.19422494769103033,4.7451845258286935,-0.138589789677694,-0.2105204446279263,-0.16997253180875135,-0.3549270491056286,-0.25166069244323896,-0.23323454718310543,-0.14228523046311664,-0.21343818702673792,-0.12061405322841329,-0.12265708933638197,-0.1325797733810791,-0.12343820641128608,-0.23648872017105496,-0.15675027022208035,-0.14935081199355485,-0.13311268828430547,-0.17338753590073486,-0.17117580690686846,-0.1608337587402006,-0.1230760537534676,-0.12394315997305108,-0.18902198729296876,-0.12376981784288588,-0.11975303710472059,6.313287581222103,-0.1383188980972646,-0.18433707326652513,-0.14075597768410064,-0.12094506751954037,-0.1672611982768258,-0.19860344618907771,-0.1693047839573925,-0.13158645471531422,-0.17668164939273,-0.13919579876322133,-0.14709173737707293,1.4169098728522782,-0.7098005310600505,1.3620104492139977,-0.40703866324070626,-0.47286624374346037,-0.07142857142857141
0.8848613251428366,-1.4050191144712942,0.6185022346581024,0,-0.16310736745339036,-0.13931051669133637,-0.1210670106393374,-0.272459848482082,-0.12966864900119177,-0.12287727480484516,-0.13995608007414,2.9247366790822182,-0.13689135113075995,-0.12105787008520184,-0.12327961953131979,-0.2088061612768204,-0.19422494769103033,-0.19092787918044743,-0.138589789677694,-0.2105204446279263,-0.16997253180875135,-0.3549270491056286,-0.25166069244323896,-0.23323454718310543,-0.14228523046311664,-0.21343818702673792,-0.12061405322841329,-0.12265708933638197,-0.1325797733810791,-0.12343820641128608,-0.23648872017105496,-0.15675027022208035,-0.14935081199355485,-0.13311268828430547,-0.17338753590073486,-0.17117580690686846,-0.1608337587402006,-0.1230760537534676,7.630975822342537,-0.18902198729296876,-0.12376981784288588,-0.11975303710472059,-0.14176451610439014,-0.1383188980972646,-0.18433707326652513,-0.14075597768410064,6.250361674268283,-0.1672611982768258,-0.19860344618907771,-0.1693047839573925,-0.13158645471531422,-0.17668164939273,-0.13919579876322133,-0.14709173737707293,-0.7057611914207166,-0.7098005310600505,1.3620104492139977,-0.40703866324070626,-0.47286624374346037,-0.07142857142857141
0.8848613251428366,0.2532261109955751,0.27382064985570875,2,-0.16310736745339036,-0.13931051669133637,-0.1210670106393374,-0.272459848482082,-0.12966864900119177,-0.12287727480484516,-0.13995608007414,-0.21168593274693365,-0.13689135113075995,-0.12105787008520184,-0.12327961953131979,-0.2088061612768204,-0.19422494769103033,-0.19092787918044743,-0.138589789677694,-0.2105204446279263,-0.16997253180875135,-0.3549270491056286,-0.25166069244323896,4.872265554635485,-0.14228523046311664,-0.21343818702673792,-0.12061405322841329,-0.12265708933638197,-0.1325797733810791,-0.12343820641128608,-0.23648872017105496,-0.15675027022208035,-0.14935081199355485,-0.13311268828430547,-0.17338753590073486,-0.17117580690686846,-0.1608337587402006,-0.1230760537534676,-0.12394315997305108,-0.18902198729296876,-0.12376981784288588,-0.11975303710472059,-0.14176451610439014,-0.1383188980972646,-0.18433707326652513,-0.14075597768410064,-0.12094506751954037,-0.1672611982768258,-0.19860344618907771,-0.1693047839573925,-0.13158645471531422,-0.17668164939273,-0.13919579876322133,-0.14709173737707293,-0.7057611914207166,-0.7098005310600505,-0.7342087577794206,-0.40703866324070626,-0.47286624374346037,-0.07142857142857141
-1.562929582323402,-0.8522707059823377,-0.8751179661522701,0,-0.16310736745339036,-0.13931051669133637,-0.1210670106393374,-0.272459848482082,-0.12966864900119177,-0.12287727480484516,-0.13995608007414,-0.21168593274693365,-0.13689135113075995,-0.12105787008520184,-0.12327961953131979,-0.2088061612768204,-0.19422494769103033,-0.19092787918044743,-0.138589789677694,-0.2105204446279263,-0.16997253180875135,3.8201571530217064,-0.25166069244323896,-0.23323454718310543,-0.14228523046311664,-0.21343818702673792,-0.12061405322841329,-0.12265708933638197,-0.1325797733810791,-0.12343820641128608,-0.23648872017105496,-0.15675027022208035,-0.14935081199355485,-0.13311268828430547,-0.17338753590073486,-0.17117580690686846,-0.1608337587402006,-0.1230760537534676,-0.12394315997305108,-0.18902198729296876,-0.12376981784288588,-0.11975303710472059,-0.14176451610439014,-0.1383188980972646,-0.18433707326652513,-0.14075597768410064,-0.12094506751954037,-0.1672611982768258,-0.19860344618907771,-0.1693047839573925,-0.13158645471531422,-0.17668164939273,-0.13919579876322133,-0.14709173737707293,-0.7057611914207166,1.408846508619191,-0.7342087577794206,2.456769074559977,-0.47286624374346037,-0.07142857142857141
-1.2132451669710822,1.358722927973488,-0.07086093494668493,1,-0.16310736745339036,-0.13931051669133637,-0.1210670106393374,-0.272459848482082,-0.12966864900119177,-0.12287727480484516,-0.13995608007414,-0.21168593274693365,-0.13689135113075995,-0.12105787008520184,-0.12327961953131979,-0.2088061612768204,-0.19422494769103033,-0.19092787918044743,-0.138589789677694,-0.2105204446279263,-0.16997253180875135,-0.3549270491056286,-0.25166069244323896,-0.23323454718310543,-0.14228523046311664,-0.21343818702673792,-0.12061405322841329,-0.12265708933638197,-0.1325797733810791,-0.12343820641128608,-0.23648872017105496,-0.15675027022208035,-0.14935081199355485,-0.13311268828430547,6.494965675098376,-0.17117580690686846,-0.1608337587402006,-0.1230760537534676,-0.12394315997305108,-0.18902198729296876,-0.12376981784288588,-0.11975303710472059,-0.14176451610439014,-0.1383188980972646,-0.18433707326652513,-0.14075597768410064,-0.12094506751954037,-0.1672611982768258,-0.19860344618907771,-0.1693047839573925,-0.13158645471531422,-0.17668164939273,-0.13919579876322133,-0.14709173737707293,-0.7057611914207166,1.408846508619191,-0.7342087577794206,-0.40703866324070626,-0.47286624374346037,-0.07142857142857141
0.5351769097905168,0.2532261109955751,-1.2197995509546637,1,-0.16310736745339036,-0.13931051669133637,-0.1210670106393374,-0.272459848482082,-0.12966864900119177,-0.12287727480484516,-0.13995608007414,-0.21168593274693365,-0.13689135113075995,-0.12105787008520184,-0.12327961953131979,-0.2088061612768204,-0.19422494769103033,-0.19092787918044743,-0.138589789677694,-0.2105204446279263,-0.16997253180875135,-0.3549270491056286,2.585244363696313,-0.23323454718310543,-0.14228523046311664,-0.21343818702673792,-0.12061405322841329,-0.12265708933638197,-0.1325797733810791,-0.12343820641128608,-0.23648872017105496,-0.15675027022208035,-0.14935081199355485,-0.13311268828430547,-0.17338753590073486,-0.17117580690686846,-0.1608337587402006,7.677065274654569,-0.12394315997305108,-0.18902198729296876,-0.12376981784288588,-0.11975303710472059,-0.14176451610439014,-0.1383188980972646,-0.18433707326652513,-0.14075597768410064,-0.12094506751954037,-0.1672611982768258,-0.19860344618907771,-0.1693047839573925,6.089560517164451,-0.17668164939273,-0.13919579876322133,-0.14709173737707293,1.4169098728522782,-0.7098005310600505,1.3620104492139977,-0.40703866324070626,-0.47286624374346037,-0.07142857142857141
-0.5138763362664426,1.358722927973488,-1.4495872741562597,1,-0.16310736745339036,-0.13931051669133637,7.571022804450274,-0.272459848482082,-0.12966864900119177,-0.12287727480484516,-0.13995608007414,-0.21168593274693365,-0.13689135113075995,-0.12105787008520184,-0.12327961953131979,3.8472077417659194,-0.19422494769103033,-0.19092787918044743,-0.138589789677694,-0.2105204446279263,-0.16997253180875135,-0.3549270491056286,2.7774129064930833,-0.23323454718310543,-0.14228523046311664,-0.21343818702673792,-0.12061405322841329,-0.12265708933638197,-0.1325797733810791,-0.12343820641128608,-0.23648872017105496,-0.15675027022208035,-0.14935081199355485,-0.13311268828430547,-0.17338753590073486,-0.17117580690686846,-0.1608337587402006,-0.1230760537534676,-0.12394315997305108,-0.18902198729296876,-0.12376981784288588,-0.11975303710472059,-0.14176451610439014,-0.1383188980972646,-0.18433707326652513,-0.14075597768410064,-0.12094506751954037,-0.1672611982768258,-0.19860344618907771,-0.1693047839573925,-0.13158645471531422,-0.17668164939273,-0.13919579876322133,-0.14709173737707293,-0.7057611914207166,-0.7098005310600505,-0.7342087577794206,-0.40703866324070626,-0.47286624374346037,-0.07142857142857141
0.5351769097905168,0.5296003152400534,-0.6453302429506743,2,-0.16310736745339036,-0.13931051669133637,-0.1210670106393374,-0.272459848482082,-0.12966864900119177,-0.12287727480484516,-0.13995608007414,-0.21168593274693365,-0.13689135113075995,10.255027214280991,-0.12327961953131979,-0.2088061612768204,-0.19422494769103033,-0.19092787918044743,-0.138589789677694,-0.2105204446279263,-0.16997253180875135,-0.3549270491056286,-0.25166069244323896,-0.23323454718310543,-0.14228523046311664,-0.21343818702673792,-0.12061405322841329,-0.12265708933638197,-0.1325797733810791,-0.12343820641128608,-0.23648872017105496,-0.15675027022208035,-0.14935081199355485,-0.13311268828430547,-0.17338753590073486,-0.17117580690686846,-0.1608337587402006,-0.1230760537534676,-0.12394315997305108,-0.18902198729296876,-0.12376981784288588,-0.11975303710472059,-0.14176451610439014,-0.1383188980972646,-0.18433707326652513,-0.14075597768410064,-0.12094506751954037,-0.1672611982768258,-0.19860344618907771,-0.1693047839573925,-0.13158645471531422,-0.17668164939273,-0.13919579876322133,-0.14709173737707293,1.4169098728522782,-0.7098005310600505,-0.7342087577794206,2.456769074559977,-0.47286624374346037,-0.07142857142857141
0.18549249443819701,-1.4050191144712942,-0.07086093494668493,1,-0.16310736745339036,-0.13931051669133637,-0.1210670106393374,-0.272459848482082,-0.12966864900119177,-0.12287727480484516,-0.13995608007414,2.743209785267443,-0.13689135113075995,-0.12105787008520184,-0.12327961953131979,-0.2088061612768204,-0.19422494769103033,-0.19092787918044743,-0.138589789677694,-0.2105204446279263,-0.16997253180875135,-0.3549270491056286,-0.25166069244323896,4.2998193146020185,-0.14228523046311664,-0.21343818702673792,-0.12061405322841329,-0.12265708933638197,-0.1325797733810791,-0.12343820641128608,-0.23648872017105496,-0.15675027022208035,-0.14935081199355485,-0.13311268828430547,-0.17338753590073486,-0.17117580690686846,-0.1608337587402006,-0.1230760537534676,-0.12394315997305108,-0.18902198729296876,-0.12376981784288588,-0.11975303710472059,-0.14176451610439014,-0.1383188980972646,-0.18433707326652513,-0.14075597768410064,-0.12094506751954037,-0.1672611982768258,-0.19860344618907771,-0.1693047839573925,-0.13158645471531422,-0.17668164939273,-0.13919579876322133,-0.14709173737707293,-0.7057611914207166,-0.7098005310600505,1.3620104492139977,-0.40703866324070626,-0.47286624374346037,-0.07142857142857141
-0.8635607516187623,1.358722927973488,-0.9900118277530681,0,-0.16310736745339036,-0.13931051669133637,-0.1210670106393374,-0.272459848482082,-0.12966864900119177,-0.12287727480484516,-0.13995608007414,-0.21168593274693365,-0.13689135113075995,-0.12105787008520184,-0.12327961953131979,-0.2088061612768204,-0.19422494769103033,-0.19092787918044743,-0.138589789677694,-0.2105204446279263,-0.16997253180875135,-0.3549270491056286,-0.25166069244323896,-0.23323454718310543,-0.14228523046311664,-0.21343818702673792,-0.12061405322841329,-0.12265708933638197,-0.1325797733810791,-0.12343820641128608,-0.23648872017105496,-0.15675027022208035,-0.14935081199355485,-0.13311268828430547,-0.17338753590073486,-0.17117580690686846,-0.1608337587402006,-0.1230760537534676,-0.12394315997305108,-0.18902198729296876,-0.12376981784288588,-0.11975303710472059,-0.14176451610439014,-0.1383188980972646,-0.18433707326652513,-0.14075597768410064,-0.12094506751954037,-0.1672611982768258,-0.19860344618907771,-0.1693047839573925,-0.13158645471531422,-0.17668164939273,-0.13919579876322133,-0.14709173737707293,-0.7057611914207166,1.408846508619191,1.3620104492139977,-0.40703866324070626,-0.47286624374346037,-0.07142857142857141
0.5351769097905168,-0.5758965017378596,0.27382064985570875,2,-0.16310736745339036,-0.13931051669133637,-0.1210670106393374,-0.272459848482082,-0.12966864900119177,-0.12287727480484516,-0.13995608007414,-0.21168593274693365,-0.13689135113075995,-0.12105787008520184,-0.12327961953131979,-0.2088061612768204,-0.19422494769103033,-0.19092787918044743,-0.138589789677694,-0.2105204446279263,-0.16997253180875135,2.2388488068204384,-0.25166069244323896,-0.23323454718310543,-0.14228523046311664,-0.21343818702673792,-0.12061405322841329,-0.12265708933638197,-0.1325797733810791,-0.12343820641128608,3.7747711581792185,-0.15675027022208035,-0.14935081199355485,-0.13311268828430547,-0.17338753590073486,-0.17117580690686846,-0.1608337587402006,-0.1230760537534676,-0.12394315997305108,-0.18902198729296876,-0.12376981784288588,-0.11975303710472059,-0.14176451610439014,-0.1383188980972646,-0.18433707326652513,-0.14075597768410064,-0.12094506751954037,-0.1672611982768258,-0.19860344618907771,-0.1693047839573925,-0.13158645471531422,-0.17668164939273,-0.13919579876322133,-0.14709173737707293,-0.7057611914207166,1.408846508619191,-0.7342087577794206,-0.40703866324070626,2.1147629234082532,-0.07142857142857141
-0.16419192091412277,-1.4050191144712942,-1.2197995509546637,2,-0.16310736745339036,-0.13931051669133637,-0.1210670106393374,2.8662862559569824,-0.12966864900119177,-0.12287727480484516,-0.13995608007414,-0.21168593274693365,-0.13689135113075995,-0.12105787008520184,-0.12327961953131979,-0.2088061612768204,-0.19422494769103033,-0.19092787918044743,-0.138589789677694,4.575670635572015,-0.16997253180875135,-0.3549270491056286,-0.25166069244323896,-0.23323454718310543,-0.14228523046311664,-0.21343818702673792,-0.12061405322841329,-0.12265708933638197,-0.1325797733810791,-0.12343820641128608,-0.23648872017105496,-0.15675027022208035,-0.14935081199355485,6.431198746779256,-0.17338753590073486,-0.17117580690686846,-0.1608337587402006,-0.1230760537534676,-0.12394315997305108,-0.18902198729296876,-0.12376981784288588,-0.11975303710472059,-0.14176451610439014,-0.1383188980972646,-0.18433707326652513,-0.14075597768410064,-0.12094506751954037,-0.1672611982768258,-0.19860344618907771,-0.1693047839573925,-0.13158645471531422,-0.17668164939273,-0.13919579876322133,-0.14709173737707293,-0.7057611914207166,-0.7098005310600505,-0.7342087577794206,-0.40703866324070626,-0.47286624374346037,-0.07142857142857141
-1.2132451669710822,0.5296003152400534,0.7333960962589003,0,-0.16310736745339036,-0.13931051669133637,-0.1210670106393374,-0.272459848482082,-0.12966864900119177,-0.12287727480484516,-0.13995608007414,-0.21168593274693365,-0.13689135113075995,-0.12105787008520184,-0.12327961953131979,-0.2088061612768204,-0.19422494769103033,-0.19092787918044743,-0.138589789677694,-0.2105204446279263,-0.16997253180875135,-0.3549270491056286,-0.25166069244323896,-0.23323454718310543,-0.14228523046311664,6.111394935670573,-0.12061405322841329,-0.12265708933638197,-0.1325797733810791,-0.12343820641128608,-0.23648872017105496,-0.15675027022208035,-0.14935081199355485,-0.13311268828430547,-0.17338753590073486,-0.17117580690686846,-0.1608337587402006,-0.1230760537534676,-0.12394315997305108,-0.18902198729296876,-0.12376981784288588,-0.11975303710472059,-0.14176451610439014,-0.1383188980972646,-0.18433707326652513,-0.14075597768410064,-0.12094506751954037,-0.1672611982768258,-0.19860344618907771,-0.1693047839573925,-0.13158645471531422,-0.17668164939273,-0.13919579876322133,-0.14709173737707293,1.4169098728522782,-0.7098005310600505,-0.7342087577794206,-0.40703866324070626,-0.47286624374346037,-0.07142857142857141
0.5351769097905168,-1.4050191144712942,1.4227592658636876,0,-0.16310736745339036,-0.13931051669133637,-0.1210670106393374,-0.272459848482082,-0.12966864900119177,-0.12287727480484516,-0.13995608007414,-0.21168593274693365,-0.13689135113075995,-0.12105787008520184,-0.12327961953131979,-0.2088061612768204,-0.19422494769103033,-0.19092787918044743,-0.138589789677694,-0.2105204446279263,-0.16997253180875135,-0.3549270491056286,-0.25166069244323896,-0.23323454718310543,-0.14228523046311664,-0.21343818702673792,-0.12061405322841329,-0.12265708933638197,-0.1325797733810791,-0.12343820641128608,-0.23648872017105496,-0.15675027022208035,-0.14935081199355485,-0.13311268828430547,-0.17338753590073486,-0.17117580690686846,-0.1608337587402006,-0.1230760537534676,-0.12394315997305108,-0.18902198729296876,-0.12376981784288588,-0.11975303710472059,-0.14176451610439014,-0.1383188980972646,-0.18433707326652513,-0.14075597768410064,-0.12094506751954037,-0.1672611982768258,-0.19860344618907771,-0.1693047839573925,-0.13158645471531422,-0.17668164939273,-0.13919579876322133,-0.14709173737707293,-0.7057611914207166,1.408846508619191,-0.7342087577794206,2.456769074559977,-0.47286624374346037,-0.07142857142857141
0.8848613251428366,0.8059745194845316,0.8482899578596982,2,-0.16310736745339036,-0.13931051669133637,-0.1210670106393374,-0.272459848482082,-0.12966864900119177,-0.12287727480484516,-0.13995608007414,-0.21168593274693365,-0.13689135113075995,-0.12105787008520184,-0.12327961953131979,-0.2088061612768204,-0.19422494769103033,-0.19092787918044743,-0.138589789677694,-0.2105204446279263,-0.16997253180875135,-0.3549270491056286,-0.25166069244323896,-0.23323454718310543,-0.14228523046311664,-0.21343818702673792,-0.12061405322841329,-0.12265708933638197,-0.1325797733810791,-0.12343820641128608,-0.23648872017105496,-0.15675027022208035,-0.14935081199355485,-0.13311268828430547,-0.17338753590073486,-0.17117580690686846,-0.1608337587402006,-0.1230760537534676,-0.12394315997305108,-0.18902198729296876,-0.12376981784288588,-0.11975303710472059,-0.14176451610439014,-0.1383188980972646,-0.18433707326652513,-0.14075597768410064,-0.12094506751954037,-0.1672611982768258,-0.19860344618907771,-0.1693047839573925,-0.13158645471531422,-0.17668164939273,-0.13919579876322133,-0.14709173737707293,-0.7057611914207166,-0.7098005310600505,-0.7342087577794206,-0.40703866324070626,-0.47286624374346037,-0.07142857142857141
-1.2132451669710822,1.6350971322179662,-1.6793749973578553,2,-0.16310736745339036,-0.13931051669133637,-0.1210670106393374,-0.272459848482082,-0.12966864900119177,-0.12287727480484516,-0.13995608007414,-0.21168593274693365,-0.13689135113075995,-0.12105787008520184,-0.12327961953131979,-0.2088061612768204,-0.19422494769103033,-0.19092787918044743,-0.138589789677694,-0.2105204446279263,-0.16997253180875135,-0.3549270491056286,-0.25166069244323896,-0.23323454718310543,-0.14228523046311664,6.111394935670573,-0.12061405322841329,-0.12265708933638197,-0.1325797733810791,-0.12343820641128608,-0.23648872017105496,-0.15675027022208035,-0.14935081199355485,-0.13311268828430547,-0.17338753590073486,-0.17117580690686846,-0.1608337587402006,-0.1230760537534676,-0.12394315997305108,-0.18902198729296876,-0.12376981784288588,-0.11975303710472059,-0.14176451610439014,-0.1383188980972646,-0.18433707326652513,-0.14075597768410064,-0.12094506751954037,-0.1672611982768258,-0.19860344618907771,-0.1693047839573925,-0.13158645471531422,-0.17668164939273,-0.13919579876322133,-0.14709173737707293,-0.7057611914207166,1.408846508619191,-0.7342087577794206,-0.40703866324070626,2.1147629234082532,-0.07142857142857141
0.8848613251428366,-0.8522707059823377,-1.6793749973578553,2,-0.16310736745339036,-0.13931051669133637,-0.1210670106393374,-0.272459848482082,-0.12966864900119177,-0.12287727480484516,-0.13995608007414,-0.21168593274693365,-0.13689135113075995,-0.12105787008520184,-0.12327961953131979,-0.2088061612768204,-0.19422494769103033,-0.19092787918044743,-0.138589789677694,-0.2105204446279263,-0.16997253180875135,-0.3549270491056286,-0.25166069244323896,-0.23323454718310543,-0.14228523046311664,-0.21343818702673792,-0.12061405322841329,-0.12265708933638197,-0.1325797733810791,-0.12343820641128608,4.882450688720862,-0.15675027022208035,-0.14935081199355485,-0.13311268828430547,-0.17338753590073486,-0.17117580690686846,-0.1608337587402006,-0.1230760537534676,-0.12394315997305108,-0.18902198729296876,-0.12376981784288588,-0.11975303710472059,-0.14176451610439014,-0.1383188980972646,-0.18433707326652513,-0.14075597768410064,-0.12094506751954037,-0.1672611982768258,-0.19860344618907771,-0.1693047839573925,-0.13158645471531422,-0.17668164939273,-0.13919579876322133,-0.14709173737707293,1.4169098728522782,-0.7098005310600505,1.3620104492139977,-0.40703866324070626,-0.47286624374346037,-0.07142857142857141
-0.5138763362664426,-0.023148093248903084,1.4227592658636876,0,-0.16310736745339036,-0.13931051669133637,-0.1210670106393374,-0.272459848482082,-0.12966864900119177,-0.12287727480484516,-0.13995608007414,-0.21168593274693365,-0.13689135113075995,-0.12105787008520184,-0.12327961953131979,-0.2088061612768204,-0.19422494769103033,-0.19092787918044743,-0.138589789677694,-0.2105204446279263,-0.16997253180875135,1.8500041697723564,-0.25166069244323896,-0.23323454718310543,-0.14228523046311664,-0.21343818702673792,-0.12061405322841329,-0.12265708933638197,-0.1325797733810791,-0.12343820641128608,-0.23648872017105496,-0.15675027022208035,-0.14935081199355485,-0.13311268828430547,-0.17338753590073486,-0.17117580690686846,-0.1608337587402006,-0.1230760537534676,-0.12394315997305108,-0.18902198729296876,-0.12376981784288588,-0.11975303710472059,-0.14176451610439014,-0.1383188980972646,-0.18433707326652513,-0.14075597768410064,-0.12094506751954037,-0.1672611982768258,-0.19860344618907771,-0.1693047839573925,8.419974938691178,-0.17668164939273,-0.13919579876322133,-0.14709173737707293,-0.7057611914207166,-0.7098005310600505,1.3620104492139977,-0.40703866324070626,-0.47286624374346037,-0.07142857142857141
0.8848613251428366,-1.4050191144712942,0.9631838194604961,0,-0.16310736745339036,-0.13931051669133637,-0.1210670106393374,-0.272459848482082,-0.12966864900119177,-0.12287727480484516,-0.13995608007414,-0.21168593274693365,-0.13689135113075995,-0.12105787008520184,-0.12327961953131979,-0.2088061612768204,-0.19422494769103033,-0.19092787918044743,-0.138589789677694,-0.2105204446279263,-0.16997253180875135,-0.3549270491056286,-0.25166069244323896,-0.23323454718310543,-0.14228523046311664,-0.21343818702673792,-0.12061405322841329,-0.12265708933638197,-0.1325797733810791,-0.12343820641128608,-0.23648872017105496,-0.15675027022208035,-0.14935081199355485,-0.13311268828430547,-0.17338753590073486,-0.17117580690686846,-0.1608337587402006,-0.1230760537534676,-0.12394315997305108,-0.18902198729296876,-0.12376981784288588,-0.11975303710472059,-0.14176451610439014,-0.1383188980972646,-0.18433707326652513,-0.14075597768410064,-0.12094506751954037,-0.1672611982768258,-0.19860344618907771,-0.1693047839573925,-0.13158645471531422,-0.17668164939273,-0.13919579876322133,-0.14709173737707293,-0.7057611914207166,1.408846508619191,-0.7342087577794206,2.456769074559977,-0.47286624374346037,-0.07142857142857141
-0.16419192091412277,-1.128644910226816,-0.6453302429506743,1,-0.16310736745339036,-0.13931051669133637,-0.1210670106393374,-0.272459848482082,-0.12966864900119177,-0.12287727480484516,-0.13995608007414,-0.21168593274693365,-0.13689135113075995,-0.12105787008520184,-0.12327961953131979,-0.2088061612768204,-0.19422494769103033,-0.19092787918044743,-0.138589789677694,-0.2105204446279263,8.491212615574188,-0.3549270491056286,-0.25166069244323896,-0.23323454718310543,-0.14228523046311664,-0.21343818702673792,-0.12061405322841329,-0.12265708933638197,-0.1325797733810791,-0.12343820641128608,-0.23648872017105496,-0.15675027022208035,-0.14935081199355485,-0.13311268828430547,-0.17338753590073486,-0.17117580690686846,-0.1608337587402006,-0.1230760537534676,-0.12394315997305108,-0.18902198729296876,-0.12376981784288588,-0.11975303710472059,-0.14176451610439014,-0.1383188980972646,-0.18433707326652513,-0.14075597768410064,-0.12094506751954037,-0.1672611982768258,-0.19860344618907771,-0.1693047839573925,-0.13158645471531422,-0.17668164939273,-0.13919579876322133,-0.14709173737707293,-0.7057611914207166,-0.7098005310600505,-0.7342087577794206,-0.40703866324070626,-0.47286624374346037,-0.07142857142857141
-0.5138763362664426,-0.2995222974933813,-0.07086093494668493,0,-0.16310736745339036,-0.13931051669133637,-0.1210670106393374,-0.272459848482082,-0.12966864900119177,-0.12287727480484516,-0.13995608007414,-0.21168593274693365,-0.13689135113075995,-0.12105787008520184,-0.12327961953131979,-0.2088061612768204,-0.19422494769103033,-0.19092787918044743,-0.138589789677694,-0.2105204446279263,-0.16997253180875135,-0.3549270491056286,-0.25166069244323896,-0.23323454718310543,-0.14228523046311664,-0.21343818702673792,-0.12061405322841329,-0.12265708933638197,-0.1325797733810791,-0.12343820641128608,-0.23648872017105496,-0.15675027022208035,-0.14935081199355485,-0.13311268828430547,-0.17338753590073486,-0.17117580690686846,-0.1608337587402006,-0.1230760537534676,-0.12394315997305108,-0.18902198729296876,-0.12376981784288588,-0.11975303710472059,-0.14176451610439014,-0.1383188980972646,-0.18433707326652513,-0.14075597768410064,-0.12094506751954037,-0.1672611982768258,-0.19860344618907771,-0.1693047839573925,-0.13158645471531422,-0.17668164939273,-0.13919579876322133,-0.14709173737707293,-0.7057611914207166,1.408846508619191,-0.7342087577794206,-0.40703866324070626,2.1147629234082532,-0.07142857142857141
-0.16419192091412277,0.2532261109955751,0.27382064985570875,0,-0.16310736745339036,-0.13931051669133637,-0.1210670106393374,-0.272459848482082,-0.12966864900119177,-0.12287727480484516,-0.13995608007414,2.7545866329582416,-0.13689135113075995,-0.12105787008520184,-0.12327961953131979,-0.2088061612768204,-0.19422494769103033,-0.19092787918044743,-0.138589789677694,-0.2105204446279263,4.262849079269909,-0.3549270491056286,-0.25166069244323896,-0.23323454718310543,-0.14228523046311664,-0.21343818702673792,-0.12061405322841329,-0.12265708933638197,-0.1325797733810791,-0.12343820641128608,-0.23648872017105496,-0.15675027022208035,-0.14935081199355485,-0.13311268828430547,-0.17338753590073486,-0.17117580690686846,4.7787783052335735,-0.1230760537534676,-0.12394315997305108,-0.18902198729296876,-0.12376981784288588,-0.11975303710472059,-0.14176451610439014,-0.1383188980972646,-0.18433707326652513,-0.14075597768410064,-0.12094506751954037,-0.1672611982768258,-0.19860344618907771,-0.1693047839573925,-0.13158645471531422,3.9344533603899423,-0.13919579876322133,-0.14709173737707293,-0.7057611914207166,1.408846508619191,-0.7342087577794206,-0.40703866324070626,-0.47286624374346037,-0.07142857142857141
0.8848613251428366,-1.4050191144712942,1.4227592658636876,2,-0.16310736745339036,-0.13931051669133637,-0.1210670106393374,-0.272459848482082,-0.12966864900119177,-0.12287727480484516,-0.13995608007414,-0.21168593274693365,-0.13689135113075995,-0.12105787008520184,-0.12327961953131979,-0.2088061612768204,-0.19422494769103033,-0.19092787918044743,-0.138589789677694,-0.2105204446279263,-0.16997253180875135,-0.3549270491056286,-0.25166069244323896,-0.23323454718310543,-0.14228523046311664,-0.21343818702673792,-0.12061405322841329,-0.12265708933638197,-0.1325797733810791,-0.12343820641128608,4.882450688720862,-0.15675027022208035,-0.14935081199355485,-0.13311268828430547,-0.17338753590073486,-0.17117580690686846,-0.1608337587402006,-0.1230760537534676,-0.12394315997305108,-0.18902198729296876,-0.12376981784288588,-0.11975303710472059,-0.14176451610439014,-0.1383188980972646,-0.18433707326652513,-0.14075597768410064,-0.12094506751954037,-0.1672611982768258,-0.19860344618907771,-0.1693047839573925,-0.13158645471531422,-0.17668164939273,-0.13919579876322133,-0.14709173737707293,-0.7057611914207166,1.408846508619191,-0.7342087577794206,-0.40703866324070626,2.1147629234082532,-0.07142857142857141
-1.9126139976757217,1.6350971322179662,0.27382064985570875,1,-0.16310736745339036,-0.13931051669133637,-0.1210670106393374,-0.272459848482082,-0.12966864900119177,-0.12287727480484516,-0.13995608007414,-0.21168593274693365,-0.13689135113075995,-0.12105787008520184,-0.12327961953131979,-0.2088061612768204,-0.19422494769103033,-0.19092787918044743,-0.138589789677694,-0.2105204446279263,-0.16997253180875135,-0.3549270491056286,-0.25166069244323896,-0.23323454718310543,-0.14228523046311664,-0.21343818702673792,-0.12061405322841329,-0.12265708933638197,-0.1325797733810791,-0.12343820641128608,-0.23648872017105496,-0.15675027022208035,-0.14935081199355485,-0.13311268828430547,-0.17338753590073486,-0.17117580690686846,-0.1608337587402006,-0.1230760537534676,-0.12394315997305108,4.203320698718355,8.36636620994591,-0.11975303710472059,-0.14176451610439014,-0.1383188980972646,-0.18433707326652513,-0.14075597768410064,-0.12094506751954037,-0.1672611982768258,3.62685660905721,-0.1693047839573925,-0.13158645471531422,-0.17668164939273,-0.13919579876322133,-0.14709173737707293,-0.7057611914207166,1.408846508619191,-0.7342087577794206,-0.40703866324070626,2.1147629234082532,-0.07142857142857141
-0.16419192091412277,-1.4050191144712942,-1.2197995509546637,2,-0.16310736745339036,-0.13931051669133637,-0.1210670106393374,-0.272459848482082,-0.12966864900119177,-0.12287727480484516,-0.13995608007414,-0.21168593274693365,-0.13689135113075995,-0.12105787008520184,-0.12327961953131979,-0.2088061612768204,-0.19422494769103033,-0.19092787918044743,-0.138589789677694,-0.2105204446279263,-0.16997253180875135,-0.3549270491056286,-0.25166069244323896,-0.23323454718310543,-0.14228523046311664,-0.21343818702673792,-0.12061405322841329,-0.12265708933638197,-0.1325797733810791,-0.12343820641128608,-0.23648872017105496,-0.15675027022208035,-0.14935081199355485,-0.13311268828430547,-0.17338753590073486,-0.17117580690686846,-0.1608337587402006,-0.1230760537534676,-0.12394315997305108,-0.18902198729296876,-0.12376981784288588,-0.11975303710472059,-0.14176451610439014,8.141689098066443,-0.18433707326652513,-0.14075597768410064,-0.12094506751954037,-0.1672611982768258,-0.19860344618907771,-0.1693047839573925,-0.13158645471531422,-0.17668164939273,-0.13919579876322133,-0.14709173737707293,1.4169098728522782,-0.7098005310600505,1.3620104492139977,-0.40703866324070626,-0.47286624374346037,-0.07142857142857141
-0.16419192091412277,0.5296003152400534,-0.4155425197490786,1,-0.16310736745339036,-0.13931051669133637,-0.1210670106393374,-0.272459848482082,-0.12966864900119177,-0.12287727480484516,-0.13995608007414,-0.21168593274693365,-0.13689135113075995,-0.12105787008520184,-0.12327961953131979,-0.2088061612768204,-0.19422494769103033,-0.19092787918044743,-0.138589789677694,-0.2105204446279263,-0.16997253180875135,-0.3549270491056286,-0.25166069244323896,-0.23323454718310543,-0.14228523046311664,-0.21343818702673792,-0.12061405322841329,-0.12265708933638197,-0.1325797733810791,-0.12343820641128608,-0.23648872017105496,-0.15675027022208035,-0.14935081199355485,-0.13311268828430547,-0.17338753590073486,-0.17117580690686846,-0.1608337587402006,-0.1230760537534676,-0.12394315997305108,-0.18902198729296876,-0.12376981784288588,-0.11975303710472059,-0.14176451610439014,-0.1383188980972646,-0.18433707326652513,-0.14075597768410064,-0.12094506751954037,-0.1672611982768258,-0.19860344618907771,-0.1693047839573925,7.40680478027944,5.240419156284065,-0.13919579876322133,-0.14709173737707293,-0.7057611914207166,1.408846508619191,-0.7342087577794206,-0.40703866324070626,2.1147629234082532,-0.07142857142857141
0.8848613251428366,-0.2995222974933813,0.5036083730573045,2,7.720001357067114,-0.13931051669133637,-0.1210670106393374,-0.272459848482082,-0.12966864900119177,-0.12287727480484516,-0.13995608007414,-0.21168593274693365,-0.13689135113075995,-0.12105787008520184,-0.12327961953131979,-0.2088061612768204,-0.19422494769103033,-0.19092787918044743,-0.138589789677694,-0.2105204446279263,-0.16997253180875135,-0.3549270491056286,-0.25166069244323896,-0.23323454718310543,-0.14228523046311664,-0.21343818702673792,-0.12061405322841329,-0.12265708933638197,-0.1325797733810791,-0.12343820641128608,-0.23648872017105496,-0.15675027022208035,-0.14935081199355485,-0.13311268828430547,-0.17338753590073486,-0.17117580690686846,-0.1608337587402006,-0.1230760537534676,-0.12394315997305108,-0.18902198729296876,-0.12376981784288588,-0.11975303710472059,-0.14176451610439014,-0.1383188980972646,-0.18433707326652513,-0.14075597768410064,-0.12094506751954037,-0.1672611982768258,-0.19860344618907771,-0.1693047839573925,-0.13158645471531422,-0.17668164939273,-0.13919579876322133,-0.14709173737707293,1.4169098728522782,-0.7098005310600505,1.3620104492139977,-0.40703866324070626,-0.47286624374346037,-0.07142857142857141
-0.16419192091412277,-0.023148093248903084,-0.07086093494668493,1,-0.16310736745339036,-0.13931051669133637,-0.1210670106393374,-0.272459848482082,-0.12966864900119177,-0.12287727480484516,-0.13995608007414,-0.21168593274693365,-0.13689135113075995,-0.12105787008520184,-0.12327961953131979,-0.2088061612768204,-0.19422494769103033,-0.19092787918044743,-0.138589789677694,-0.2105204446279263,-0.16997253180875135,-0.3549270491056286,-0.25166069244323896,-0.23323454718310543,-0.14228523046311664,-0.21343818702673792,-0.12061405322841329,-0.12265708933638197,-0.1325797733810791,-0.12343820641128608,-0.23648872017105496,-0.15675027022208035,-0.14935081199355485,-0.13311268828430547,-0.17338753590073486,-0.17117580690686846,-0.1608337587402006,-0.1230760537534676,-0.12394315997305108,-0.18902198729296876,-0.12376981784288588,-0.11975303710472059,-0.14176451610439014,-0.1383188980972646,-0.18433707326652513,-0.14075597768410064,10.204369863299503,-0.1672611982768258,-0.19860344618907771,-0.1693047839573925,-0.13158645471531422,-0.17668164939273,-0.13919579876322133,-0.14709173737707293,-0.7057611914207166,1.408846508619191,-0.7342087577794206,2.456769074559977,-0.47286624374346037,-0.07142857142857141
-0.16419192091412277,-0.8522707059823377,-1.2197995509546637,2,-0.16310736745339036,-0.13931051669133637,5.347160900146611,-0.272459848482082,-0.12966864900119177,-0.12287727480484516,-0.13995608007414,-0.21168593274693365,-0.13689135113075995,-0.12105787008520184,-0.12327961953131979,-0.2088061612768204,2.72809268781884,-0.19092787918044743,-0.138589789677694,-0.2105204446279263,3.4888766316912925,0.8626245493683583,-0.25166069244323896,-0.23323454718310543,-0.14228523046311664,-0.21343818702673792,-0.12061405322841329,-0.12265708933638197,-0.1325797733810791,-0.12343820641128608,-0.23648872017105496,-0.15675027022208035,-0.14935081199355485,-0.13311268828430547,-0.17338753590073486,-0.17117580690686846,-0.1608337587402006,-0.1230760537534676,-0.12394315997305108,3.0728957560713117,-0.12376981784288588,-0.11975303710472059,-0.14176451610439014,-0.1383188980972646,-0.18433707326652513,-0.14075597768410064,-0.12094506751954037,4.286007742165387,-0.19860344618907771,-0.1693047839573925,-0.13158645471531422,-0.17668164939273,-0.13919579876322133,-0.14709173737707293,-0.7057611914207166,-0.7098005310600505,-0.7342087577794206,-0.40703866324070626,-0.47286624374346037,-0.07142857142857141
0.8848613251428366,-1.128644910226816,-0.07086093494668493,2,-0.16310736745339036,-0.13931051669133637,-0.1210670106393374,1.7695367349111322,-0.12966864900119177,-0.12287727480484516,-0.13995608007414,-0.21168593274693365,-0.13689135113075995,-0.12105787008520184,-0.12327961953131979,-0.2088061612768204,-0.19422494769103033,-0.19092787918044743,-0.138589789677694,2.903266242168135,-0.16997253180875135,-0.3549270491056286,-0.25166069244323896,-0.23323454718310543,-0.14228523046311664,-0.21343818702673792,-0.12061405322841329,-0.12265708933638197,-0.1325797733810791,-0.12343820641128608,-0.23648872017105496,-0.15675027022208035,-0.14935081199355485,8.408069730880705,-0.17338753590073486,-0.17117580690686846,-0.1608337587402006,-0.1230760537534676,-0.12394315997305108,-0.18902198729296876,-0.12376981784288588,-0.11975303710472059,-0.14176451610439014,-0.1383188980972646,-0.18433707326652513,-0.14075597768410064,-0.12094506751954037,-0.1672611982768258,-0.19860344618907771,-0.1693047839573925,-0.13158645471531422,-0.17668164939273,-0.13919579876322133,-0.14709173737707293,-0.7057611914207166,1.408846508619191,-0.7342087577794206,-0.40703866324070626,2.1147629234082532,-0.07142857142857141
-0.5138763362664426,-0.023148093248903084,1.078077681061294,2,-0.16310736745339036,-0.13931051669133637,-0.1210670106393374,-0.272459848482082,-0.12966864900119177,-0.12287727480484516,-0.13995608007414,-0.21168593274693365,-0.13689135113075995,-0.12105787008520184,-0.12327961953131979,-0.2088061612768204,-0.19422494769103033,-0.19092787918044743,-0.138589789677694,-0.2105204446279263,-0.16997253180875135,-0.3549270491056286,-0.25166069244323896,-0.23323454718310543,-0.14228523046311664,-0.21343818702673792,-0.12061405322841329,-0.12265708933638197,-0.1325797733810791,-0.12343820641128608,-0.23648872017105496,-0.15675027022208035,-0.14935081199355485,-0.13311268828430547,-0.17338753590073486,-0.17117580690686846,-0.1608337587402006,-0.1230760537534676,-0.12394315997305108,-0.18902198729296876,-0.12376981784288588,-0.11975303710472059,-0.14176451610439014,-0.1383188980972646,-0.18433707326652513,-0.14075597768410064,-0.12094506751954037,-0.1672611982768258,-0.19860344618907771,-0.1693047839573925,-0.13158645471531422,-0.17668164939273,-0.13919579876322133,-0.14709173737707293,1.4169098728522782,-0.7098005310600505,-0.7342087577794206,-0.40703866324070626,-0.47286624374346037,-0.07142857142857141
-0.5138763362664426,1.0823487237290097,1.4227592658636876,1,-0.16310736745339036,-0.13931051669133637,-0.1210670106393374,-0.272459848482082,-0.12966864900119177,-0.12287727480484516,-0.13995608007414,-0.21168593274693365,-0.13689135113075995,-0.12105787008520184,-0.12327961953131979,-0.2088061612768204,-0.19422494769103033,-0.19092787918044743,-0.138589789677694,-0.2105204446279263,-0.16997253180875135,-0.3549270491056286,-0.25166069244323896,-0.23323454718310543,-0.14228523046311664,-0.21343818702673792,-0.12061405322841329,-0.12265708933638197,-0.1325797733810791,-0.12343820641128608,-0.23648872017105496,-0.15675027022208035,-0.14935081199355485,-0.13311268828430547,-0.17338753590073486,-0.17117580690686846,-0.1608337587402006,-0.1230760537534676,-0.12394315997305108,-0.18902198729296876,-0.12376981784288588,-0.11975303710472059,-0.14176451610439014,-0.1383188980972646,-0.18433707326652513,-0.14075597768410064,-0.12094506751954037,-0.1672611982768258,-0.19860344618907771,-0.1693047839573925,-0.13158645471531422,-0.17668164939273,-0.13919579876322133,-0.14709173737707293,1.4169098728522782,-0.7098005310600505,-0.7342087577794206,-0.40703866324070626,2.1147629234082532,-0.07142857142857141
-0.5138763362664426,0.2532261109955751,1.4227592658636876,2,-0.16310736745339036,-0.13931051669133637,-0.1210670106393374,-0.272459848482082,-0.12966864900119177,-0.12287727480484516,-0.13995608007414,-0.21168593274693365,-0.13689135113075995,-0.12105787008520184,-0.12327961953131979,4.461810542668722,-0.19422494769103033,-0.19092787918044743,-0.138589789677694,-0.2105204446279263,-0.16997253180875135,-0.3549270491056286,-0.25166069244323896,-0.23323454718310543,-0.14228523046311664,-0.21343818702673792,-0.12061405322841329,-0.12265708933638197,-0.1325797733810791,-0.12343820641128608,-0.23648872017105496,-0.15675027022208035,-0.14935081199355485,-0.13311268828430547,-0.17338753590073486,-0.17117580690686846,-0.1608337587402006,9.467446902803902,-0.12394315997305108,-0.18902198729296876,-0.12376981784288588,-0.11975303710472059,-0.14176451610439014,-0.1383188980972646,-0.18433707326652513,-0.14075597768410064,-0.12094506751954037,-0.1672611982768258,-0.19860344618907771,-0.1693047839573925,-0.13158645471531422,-0.17668164939273,-0.13919579876322133,-0.14709173737707293,1.4169098728522782,-0.7098005310600505,1.3620104492139977,-0.40703866324070626,-0.47286624374346037,-0.07142857142857141
0.8848613251428366,-1.128644910226816,0.04403292665411297,0,-0.16310736745339036,-0.13931051669133637,-0.1210670106393374,-0.272459848482082,-0.12966864900119177,-0.12287727480484516,-0.13995608007414,-0.21168593274693365,-0.13689135113075995,-0.12105787008520184,-0.12327961953131979,-0.2088061612768204,-0.19422494769103033,-0.19092787918044743,-0.138589789677694,-0.2105204446279263,-0.16997253180875135,-0.3549270491056286,-0.25166069244323896,4.872265554635485,-0.14228523046311664,-0.21343818702673792,-0.12061405322841329,-0.12265708933638197,-0.1325797733810791,-0.12343820641128608,-0.23648872017105496,-0.15675027022208035,-0.14935081199355485,-0.13311268828430547,-0.17338753590073486,-0.17117580690686846,-0.1608337587402006,-0.1230760537534676,-0.12394315997305108,-0.18902198729296876,-0.12376981784288588,-0.11975303710472059,-0.14176451610439014,-0.1383188980972646,-0.18433707326652513,-0.14075597768410064,-0.12094506751954037,-0.1672611982768258,-0.19860344618907771,-0.1693047839573925,-0.13158645471531422,-0.17668164939273,-0.13919579876322133,-0.14709173737707293,-0.7057611914207166,-0.7098005310600505,-0.7342087577794206,2.456769074559977,-0.47286624374346037,-0.07142857142857141
0.8848613251428366,0.8059745194845316,-0.9900118277530681,1,-0.16310736745339036,8.283640994324921,-0.1210670106393374,-0.272459848482082,-0.12966864900119177,-0.12287727480484516,-0.13995608007414,-0.21168593274693365,-0.13689135113075995,-0.12105787008520184,-0.12327961953131979,-0.2088061612768204,-0.19422494769103033,-0.19092787918044743,-0.138589789677694,-0.2105204446279263,-0.16997253180875135,1.88876619620265,-0.25166069244323896,-0.23323454718310543,-0.14228523046311664,-0.21343818702673792,-0.12061405322841329,-0.12265708933638197,-0.1325797733810791,-0.12343820641128608,-0.23648872017105496,-0.15675027022208035,-0.14935081199355485,-0.13311268828430547,-0.17338753590073486,-0.17117580690686846,-0.1608337587402006,-0.1230760537534676,-0.12394315997305108,-0.18902198729296876,-0.12376981784288588,-0.11975303710472059,-0.14176451610439014,-0.1383188980972646,-0.18433707326652513,-0.14075597768410064,-0.12094506751954037,-0.1672611982768258,-0.19860344618907771,-0.1693047839573925,-0.13158645471531422,-0.17668164939273,-0.13919579876322133,-0.14709173737707293,-0.7057611914207166,1.408846508619191,-0.7342087577794206,2.456769074559977,-0.47286624374346037,-0.07142857142857141
-0.5138763362664426,1.0823487237290097,0.27382064985570875,2,-0.16310736745339036,-0.13931051669133637,-0.1210670106393374,-0.272459848482082,-0.12966864900119177,-0.12287727480484516,-0.13995608007414,-0.21168593274693365,-0.13689135113075995,-0.12105787008520184,-0.12327961953131979,-0.2088061612768204,-0.19422494769103033,-0.19092787918044743,-0.138589789677694,-0.2105204446279263,-0.16997253180875135,-0.3549270491056286,-0.25166069244323896,-0.23323454718310543,-0.14228523046311664,3.0206825322151083,-0.12061405322841329,-0.12265708933638197,-0.1325797733810791,7.376069316526575,-0.23648872017105496,-0.15675027022208035,-0.14935081199355485,-0.13311268828430547,-0.17338753590073486,4.266690098437761,-0.1608337587402006,-0.1230760537534676,-0.12394315997305108,-0.18902198729296876,-0.12376981784288588,-0.11975303710472059,-0.14176451610439014,-0.1383188980972646,-0.18433707326652513,-0.14075597768410064,-0.12094506751954037,-0.1672611982768258,-0.19860344618907771,-0.1693047839573925,-0.13158645471531422,-0.17668164939273,-0.13919579876322133,-0.14709173737707293,-0.7057611914207166,-0.7098005310600505,1.3620104492139977,-0.40703866324070626,-0.47286624374346037,-0.07142857142857141
0.8848613251428366,1.0823487237290097,-0.8751179661522701,0,-0.16310736745339036,-0.13931051669133637,-0.1210670106393374,-0.272459848482082,-0.12966864900119177,-0.12287727480484516,-0.13995608007414,-0.21168593274693365,4.441582533330892,-0.12105787008520184,-0.12327961953131979,-0.2088061612768204,-0.19422494769103033,-0.19092787918044743,-0.138589789677694,-0.2105204446279263,-0.16997253180875135,-0.3549270491056286,-0.25166069244323896,-0.23323454718310543,-0.14228523046311664,5.209497683437518,-0.12061405322841329,-0.12265708933638197,-0.1325797733810791,-0.12343820641128608,-0.23648872017105496,-0.15675027022208035,-0.14935081199355485,-0.13311268828430547,-0.17338753590073486,-0.17117580690686846,-0.1608337587402006,-0.1230760537534676,-0.12394315997305108,-0.18902198729296876,-0.12376981784288588,-0.11975303710472059,-0.14176451610439014,-0.1383188980972646,-0.18433707326652513,-0.14075597768410064,-0.12094506751954037,-0.1672611982768258,-0.19860344618907771,-0.1693047839573925,-0.13158645471531422,-0.17668164939273,-0.13919579876322133,-0.14709173737707293,-0.7057611914207166,-0.7098005310600505,-0.7342087577794206,2.456769074559977,-0.47286624374346037,-0.07142857142857141
-0.5138763362664426,0.5296003152400534,1.4227592658636876,0,-0.16310736745339036,-0.13931051669133637,-0.1210670106393374,-0.272459848482082,-0.12966864900119177,-0.12287727480484516,-0.13995608007414,-0.21168593274693365,-0.13689135113075995,-0.12105787008520184,-0.12327961953131979,-0.2088061612768204,-0.19422494769103033,-0.19092787918044743,-0.138589789677694,-0.2105204446279263,-0.16997253180875135,-0.3549270491056286,-0.25166069244323896,-0.23323454718310543,-0.14228523046311664,-0.21343818702673792,-0.12061405322841329,-0.12265708933638197,-0.1325797733810791,-0.12343820641128608,-0.23648872017105496,-0.15675027022208035,-0.14935081199355485,-0.13311268828430547,-0.17338753590073486,-0.17117580690686846,-0.1608337587402006,-0.1230760537534676,-0.12394315997305108,7.913718969163362,-0.12376981784288588,-0.11975303710472059,-0.14176451610439014,-0.1383188980972646,-0.18433707326652513,-0.14075597768410064,-0.12094506751954037,-0.1672611982768258,-0.19860344618907771,-0.1693047839573925,-0.13158645471531422,-0.17668164939273,-0.13919579876322133,-0.14709173737707293,1.4169098728522782,-0.7098005310600505,-0.7342087577794206,-0.40703866324070626,2.1147629234082532,-0.07142857142857141
0.8848613251428366,-0.023148093248903084,1.3078654042628897,1,-0.16310736745339036,-0.13931051669133637,-0.1210670106393374,-0.272459848482082,-0.12966864900119177,-0.12287727480484516,-0.13995608007414,2.8359654385164514,-0.13689135113075995,-0.12105787008520184,-0.12327961953131979,3.3803443797472754,-0.19422494769103033,-0.19092787918044743,-0.138589789677694,-0.2105204446279263,-0.16997253180875135,-0.3549270491056286,-0.25166069244323896,-0.23323454718310543,-0.14228523046311664,-0.21343818702673792,-0.12061405322841329,-0.12265708933638197,-0.1325797733810791,-0.12343820641128608,-0.23648872017105496,-0.15675027022208035,-0.14935081199355485,-0.13311268828430547,-0.17338753590073486,-0.17117580690686846,-0.1608337587402006,-0.1230760537534676,-0.12394315997305108,-0.18902198729296876,-0.12376981784288588,-0.11975303710472059,-0.14176451610439014,-0.1383188980972646,-0.18433707326652513,-0.14075597768410064,-0.12094506751954037,-0.1672611982768258,-0.19860344618907771,4.48651704886805,-0.13158645471531422,4.047241126575926,-0.13919579876322133,-0.14709173737707293,-0.7057611914207166,-0.7098005310600505,1.3620104492139977,-0.40703866324070626,-0.47286624374346037,-0.07142857142857141
-0.8635607516187623,0.8059745194845316,-1.2197995509546637,1,-0.16310736745339036,-0.13931051669133637,-0.1210670106393374,-0.272459848482082,-0.12966864900119177,-0.12287727480484516,-0.13995608007414,-0.21168593274693365,-0.13689135113075995,-0.12105787008520184,-0.12327961953131979,-0.2088061612768204,-0.19422494769103033,-0.19092787918044743,-0.138589789677694,-0.2105204446279263,-0.16997253180875135,-0.3549270491056286,-0.25166069244323896,-0.23323454718310543,-0.14228523046311664,-0.21343818702673792,-0.12061405322841329,-0.12265708933638197,-0.1325797733810791,-0.12343820641128608,-0.23648872017105496,-0.15675027022208035,-0.14935081199355485,-0.13311268828430547,-0.17338753590073486,-0.17117580690686846,-0.1608337587402006,-0.1230760537534676,-0.12394315997305108,-0.18902198729296876,-0.12376981784288588,-0.11975303710472059,-0.14176451610439014,-0.1383188980972646,-0.18433707326652513,-0.14075597768410064,-0.12094506751954037,-0.1672611982768258,-0.19860344618907771,-0.1693047839573925,-0.13158645471531422,-0.17668164939273,-0.13919579876322133,-0.14709173737707293,-0.7057611914207166,1.408846508619191,-0.7342087577794206,-0.40703866324070626,2.1147629234082532,-0.07142857142857141
0.8848613251428366,0.5296003152400534,0.27382064985570875,0,-0.16310736745339036,-0.13931051669133637,-0.1210670106393374,-0.272459848482082,-0.12966864900119177,-0.12287727480484516,-0.13995608007414,-0.21168593274693365,-0.13689135113075995,-0.12105787008520184,-0.12327961953131979,-0.2088061612768204,-0.19422494769103033,-0.19092787918044743,-0.138589789677694,-0.2105204446279263,-0.16997253180875135,3.8201571530217064,-0.25166069244323896,-0.23323454718310543,-0.14228523046311664,-0.21343818702673792,-0.12061405322841329,-0.12265708933638197,-0.1325797733810791,-0.12343820641128608,-0.23648872017105496,-0.15675027022208035,-0.14935081199355485,-0.13311268828430547,-0.17338753590073486,-0.17117580690686846,-0.1608337587402006,-0.1230760537534676,-0.12394315997305108,-0.18902198729296876,-0.12376981784288588,-0.11975303710472059,-0.14176451610439014,-0.1383188980972646,-0.18433707326652513,-0.14075597768410064,-0.12094506751954037,-0.1672611982768258,-0.19860344618907771,-0.1693047839573925,-0.13158645471531422,-0.17668164939273,-0.13919579876322133,-0.14709173737707293,1.4169098728522782,-0.7098005310600505,1.3620104492139977,-0.40703866324070626,-0.47286624374346037,-0.07142857142857141
0.8848613251428366,0.8059745194845316,1.5376531274644856,0,-0.16310736745339036,-0.13931051669133637,-0.1210670106393374,-0.272459848482082,-0.12966864900119177,-0.12287727480484516,-0.13995608007414,-0.21168593274693365,-0.13689135113075995,-0.12105787008520184,-0.12327961953131979,-0.2088061612768204,-0.19422494769103033,-0.19092787918044743,-0.138589789677694,-0.2105204446279263,-0.16997253180875135,-0.3549270491056286,-0.25166069244323896,-0.23323454718310543,-0.14228523046311664,-0.21343818702673792,-0.12061405322841329,-0.12265708933638197,-0.1325797733810791,-0.12343820641128608,-0.23648872017105496,-0.15675027022208035,-0.14935081199355485,-0.13311268828430547,-0.17338753590073486,-0.17117580690686846,-0.1608337587402006,-0.1230760537534676,-0.12394315997305108,-0.18902198729296876,-0.12376981784288588,-0.11975303710472059,-0.14176451610439014,-0.1383188980972646,-0.18433707326652513,-0.14075597768410064,-0.12094506751954037,-0.1672611982768258,-0.19860344618907771,-0.1693047839573925,-0.13158645471531422,-0.17668164939273,-0.13919579876322133,-0.14709173737707293,1.4169098728522782,-0.7098005310600505,-0.7342087577794206,-0.40703866324070626,-0.47286624374346037,-0.07142857142857141
0.8848613251428366,-0.8522707059823377,-0.6453302429506743,0,-0.16310736745339036,-0.13931051669133637,-0.1210670106393374,-0.272459848482082,-0.12966864900119177,-0.12287727480484516,-0.13995608007414,-0.21168593274693365,-0.13689135113075995,-0.12105787008520184,-0.12327961953131979,-0.2088061612768204,-0.19422494769103033,-0.19092787918044743,-0.138589789677694,-0.2105204446279263,-0.16997253180875135,-0.3549270491056286,-0.25166069244323896,-0.23323454718310543,-0.14228523046311664,-0.21343818702673792,-0.12061405322841329,-0.12265708933638197,-0.1325797733810791,-0.12343820641128608,-0.23648872017105496,-0.15675027022208035,-0.14935081199355485,-0.13311268828430547,-0.17338753590073486,-0.17117580690686846,-0.1608337587402006,-0.1230760537534676,-0.12394315997305108,-0.18902198729296876,-0.12376981784288588,-0.11975303710472059,-0.14176451610439014,-0.1383188980972646,-0.18433707326652513,-0.14075597768410064,-0.12094506751954037,-0.1672611982768258,-0.19860344618907771,-0.1693047839573925,-0.13158645471531422,-0.17668164939273,-0.13919579876322133,-0.14709173737707293,-0.7057611914207166,1.408846508619191,-0.7342087577794206,-0.40703866324070626,2.1147629234082532,-0.07142857142857141
0.8848613251428366,-0.2995222974933813,1.4227592658636876,1,-0.16310736745339036,-0.13931051669133637,-0.1210670106393374,-0.272459848482082,-0.12966864900119177,-0.12287727480484516,-0.13995608007414,-0.21168593274693365,-0.13689135113075995,-0.12105787008520184,-0.12327961953131979,-0.2088061612768204,-0.19422494769103033,-0.19092787918044743,-0.138589789677694,-0.2105204446279263,-0.16997253180875135,3.8201571530217064,-0.25166069244323896,-0.23323454718310543,-0.14228523046311664,-0.21343818702673792,-0.12061405322841329,-0.12265708933638197,-0.1325797733810791,-0.12343820641128608,-0.23648872017105496,-0.15675027022208035,-0.14935081199355485,-0.13311268828430547,-0.17338753590073486,-0.17117580690686846,-0.1608337587402006,-0.1230760537534676,-0.12394315997305108,-0.18902198729296876,-0.12376981784288588,-0.11975303710472059,-0.14176451610439014,-0.1383188980972646,-0.18433707326652513,-0.14075597768410064,-0.12094506751954037,-0.1672611982768258,-0.19860344618907771,-0.1693047839573925,-0.13158645471531422,-0.17668164939273,-0.13919579876322133,-0.14709173737707293,1.4169098728522782,-0.7098005310600505,1.3620104492139977,-0.40703866324070626,-0.47286624374346037,-0.07142857142857141
0.8848613251428366,-1.4050191144712942,0.15892678825491086,2,-0.16310736745339036,-0.13931051669133637,-0.1210670106393374,1.6553664861412423,-0.12966864900119177,-0.12287727480484516,-0.13995608007414,-0.21168593274693365,-0.13689135113075995,-0.12105787008520184,-0.12327961953131979,-0.2088061612768204,2.3855707303729092,-0.19092787918044743,-0.138589789677694,-0.2105204446279263,-0.16997253180875135,-0.3549270491056286,-0.25166069244323896,-0.23323454718310543,-0.14228523046311664,-0.21343818702673792,-0.12061405322841329,-0.12265708933638197,-0.1325797733810791,-0.12343820641128608,-0.23648872017105496,-0.15675027022208035,6.3287001699622065,-0.13311268828430547,-0.17338753590073486,-0.17117580690686846,-0.1608337587402006,-0.1230760537534676,-0.12394315997305108,-0.18902198729296876,-0.12376981784288588,-0.11975303710472059,-0.14176451610439014,3.20677690151952,-0.18433707326652513,-0.14075597768410064,-0.12094506751954037,-0.1672611982768258,-0.19860344618907771,-0.1693047839573925,-0.13158645471531422,-0.17668164939273,-0.13919579876322133,-0.14709173737707293,-0.7057611914207166,-0.7098005310600505,-0.7342087577794206,-0.40703866324070626,-0.47286624374346037,-0.07142857142857141
0.8848613251428366,0.5296003152400534,-1.6793749973578553,1,-0.16310736745339036,-0.13931051669133637,-0.1210670106393374,-0.272459848482082,-0.12966864900119177,-0.12287727480484516,-0.13995608007414,-0.21168593274693365,-0.13689135113075995,-0.12105787008520184,-0.12327961953131979,-0.2088061612768204,-0.19422494769103033,-0.19092787918044743,-0.138589789677694,-0.2105204446279263,-0.16997253180875135,-0.3549270491056286,-0.25166069244323896,4.872265554635485,-0.14228523046311664,-0.21343818702673792,-0.12061405322841329,-0.12265708933638197,-0.1325797733810791,-0.12343820641128608,-0.23648872017105496,-0.15675027022208035,-0.14935081199355485,-0.13311268828430547,-0.17338753590073486,-0.17117580690686846,-0.1608337587402006,-0.1230760537534676,-0.12394315997305108,-0.18902198729296876,-0.12376981784288588,-0.11975303710472059,-0.14176451610439014,-0.1383188980972646,-0.18433707326652513,-0.14075597768410064,-0.12094506751954037,-0.1672611982768258,-0.19860344618907771,-0.1693047839573925,-0.13158645471531422,-0.17668164939273,-0.13919579876322133,-0.14709173737707293,-0.7057611914207166,-0.7098005310600505,1.3620104492139977,-0.40703866324070626,-0.47286624374346037,-0.07142857142857141
0.8848613251428366,0.8059745194845316,-0.1857547965474828,1,-0.16310736745339036,-0.13931051669133637,-0.1210670106393374,-0.272459848482082,-0.12966864900119177,-0.12287727480484516,-0.13995608007414,-0.21168593274693365,-0.13689135113075995,-0.12105787008520184,-0.12327961953131979,-0.2088061612768204,-0.19422494769103033,-0.19092787918044743,-0.138589789677694,-0.2105204446279263,-0.16997253180875135,-0.3549270491056286,-0.25166069244323896,-0.23323454718310543,-0.14228523046311664,-0.21343818702673792,-0.12061405322841329,-0.12265708933638197,-0.1325797733810791,-0.12343820641128608,-0.23648872017105496,-0.15675027022208035,-0.14935081199355485,-0.13311268828430547,-0.17338753590073486,-0.17117580690686846,-0.1608337587402006,-0.1230760537534676,-0.12394315997305108,-0.18902198729296876,-0.12376981784288588,-0.11975303710472059,-0.14176451610439014,-0.1383188980972646,-0.18433707326652513,-0.14075597768410064,-0.12094506751954037,-0.1672611982768258,-0.19860344618907771,-0.1693047839573925,-0.13158645471531422,-0.17668164939273,-0.13919579876322133,-0.14709173737707293,-0.7057611914207166,-0.7098005310600505,-0.7342087577794206,-0.40703866324070626,-0.47286624374346037,-0.07142857142857141
0.8848613251428366,-1.4050191144712942,0.27382064985570875,2,-0.16310736745339036,-0.13931051669133637,-0.1210670106393374,-0.272459848482082,-0.12966864900119177,-0.12287727480484516,-0.13995608007414,-0.21168593274693365,-0.13689135113075995,-0.12105787008520184,-0.12327961953131979,-0.2088061612768204,-0.19422494769103033,-0.19092787918044743,-0.138589789677694,5.079876419527105,-0.16997253180875135,1.5794082823526485,-0.25166069244323896,-0.23323454718310543,-0.14228523046311664,-0.21343818702673792,-0.12061405322841329,-0.12265708933638197,-0.1325797733810791,-0.12343820641128608,-0.23648872017105496,-0.15675027022208035,-0.14935081199355485,-0.13311268828430547,-0.17338753590073486,-0.17117580690686846,-0.1608337587402006,-0.1230760537534676,-0.12394315997305108,4.9932164880277865,-0.12376981784288588,-0.11975303710472059,-0.14176451610439014,-0.1383188980972646,-0.18433707326652513,-0.14075597768410064,-0.12094506751954037,-0.1672611982768258,-0.19860344618907771,-0.1693047839573925,-0.13158645471531422,-0.17668164939273,-0.13919579876322133,-0.14709173737707293,-0.7057611914207166,1.408846508619191,-0.7342087577794206,-0.40703866324070626,2.1147629234082532,-0.07142857142857141
-1.2132451669710822,-1.4050191144712942,-0.4155425197490786,1,-0.16310736745339036,-0.13931051669133637,-0.1210670106393374,-0.272459848482082,-0.12966864900119177,-0.12287727480484516,-0.13995608007414,-0.21168593274693365,-0.13689135113075995,-0.12105787008520184,-0.12327961953131979,-0.2088061612768204,-0.19422494769103033,-0.19092787918044743,-0.138589789677694,-0.2105204446279263,-0.16997253180875135,-0.3549270491056286,-0.25166069244323896,-0.23323454718310543,-0.14228523046311664,-0.21343818702673792,-0.12061405322841329,-0.12265708933638197,-0.1325797733810791,-0.12343820641128608,-0.23648872017105496,-0.15675027022208035,-0.14935081199355485,-0.13311268828430547,-0.17338753590073486,-0.17117580690686846,-0.1608337587402006,-0.1230760537534676,-0.12394315997305108,-0.18902198729296876,-0.12376981784288588,-0.11975303710472059,-0.14176451610439014,-0.1383188980972646,-0.18433707326652513,-0.14075597768410064,-0.12094506751954037,-0.1672611982768258,-0.19860344618907771,-0.1693047839573925,-0.13158645471531422,-0.17668164939273,-0.13919579876322133,-0.14709173737707293,-0.7057611914207166,1.408846508619191,-0.7342087577794206,-0.40703866324070626,2.1147629234082532,-0.07142857142857141
0.8848613251428366,0.8059745194845316,-1.4495872741562597,0,-0.16310736745339036,-0.13931051669133637,-0.1210670106393374,6.164267197129447,-0.12966864900119177,-0.12287727480484516,-0.13995608007414,-0.21168593274693365,-0.13689135113075995,-0.12105787008520184,-0.12327961953131979,-0.2088061612768204,-0.19422494769103033,-0.19092787918044743,-0.138589789677694,-0.2105204446279263,-0.16997253180875135,-0.3549270491056286,-0.25166069244323896,-0.23323454718310543,-0.14228523046311664,-0.21343818702673792,-0.12061405322841329,-0.12265708933638197,-0.1325797733810791,-0.12343820641128608,-0.23648872017105496,-0.15675027022208035,-0.14935081199355485,-0.13311268828430547,-0.17338753590073486,-0.17117580690686846,-0.1608337587402006,-0.1230760537534676,-0.12394315997305108,-0.18902198729296876,-0.12376981784288588,-0.11975303710472059,-0.14176451610439014,-0.1383188980972646,-0.18433707326652513,-0.14075597768410064,-0.12094506751954037,-0.1672611982768258,-0.19860344618907771,-0.1693047839573925,-0.13158645471531422,-0.17668164939273,-0.13919579876322133,-0.14709173737707293,1.4169098728522782,-0.7098005310600505,1.3620104492139977,-0.40703866324070626,-0.47286624374346037,-0.07142857142857141
0.18549249443819701,-0.5758965017378596,-1.2197995509546637,1,-0.16310736745339036,-0.13931051669133637,-0.1210670106393374,-0.272459848482082,-0.12966864900119177,-0.12287727480484516,10.399277604569143,-0.21168593274693365,-0.13689135113075995,-0.12105787008520184,-0.12327961953131979,-0.2088061612768204,-0.19422494769103033,-0.19092787918044743,-0.138589789677694,-0.2105204446279263,-0.16997253180875135,-0.3549270491056286,-0.25166069244323896,-0.23323454718310543,-0.14228523046311664,-0.21343818702673792,-0.12061405322841329,-0.12265708933638197,-0.1325797733810791,-0.12343820641128608,-0.23648872017105496,-0.15675027022208035,-0.14935081199355485,-0.13311268828430547,-0.17338753590073486,-0.17117580690686846,-0.1608337587402006,-0.1230760537534676,-0.12394315997305108,-0.18902198729296876,-0.12376981784288588,-0.11975303710472059,-0.14176451610439014,-0.1383188980972646,-0.18433707326652513,-0.14075597768410064,-0.12094506751954037,-0.1672611982768258,-0.19860344618907771,-0.1693047839573925,-0.13158645471531422,-0.17668164939273,-0.13919579876322133,-0.14709173737707293,-0.7057611914207166,1.408846508619191,-0.7342087577794206,-0.40703866324070626,-0.47286624374346037,-0.07142857142857141
0.8848613251428366,-1.128644910226816,0.6185022346581024,1,-0.16310736745339036,-0.13931051669133637,-0.1210670106393374,-0.272459848482082,-0.12966864900119177,-0.12287727480484516,-0.13995608007414,-0.21168593274693365,-0.13689135113075995,-0.12105787008520184,-0.12327961953131979,-0.2088061612768204,-0.19422494769103033,-0.19092787918044743,-0.138589789677694,-0.2105204446279263,-0.16997253180875135,-0.3549270491056286,-0.25166069244323896,-0.23323454718310543,-0.14228523046311664,-0.21343818702673792,-0.12061405322841329,-0.12265708933638197,-0.1325797733810791,-0.12343820641128608,-0.23648872017105496,-0.15675027022208035,-0.14935081199355485,-0.13311268828430547,6.494965675098376,-0.17117580690686846,-0.1608337587402006,-0.1230760537534676,-0.12394315997305108,-0.18902198729296876,-0.12376981784288588,-0.11975303710472059,-0.14176451610439014,-0.1383188980972646,-0.18433707326652513,-0.14075597768410064,-0.12094506751954037,-0.1672611982768258,-0.19860344618907771,-0.1693047839573925,-0.13158645471531422,-0.17668164939273,-0.13919579876322133,-0.14709173737707293,1.4169098728522782,-0.7098005310600505,1.3620104492139977,-0.40703866324070626,-0.47286624374346037,-0.07142857142857141
-0.5138763362664426,1.358722927973488,-0.8751179661522701,2,-0.16310736745339036,-0.13931051669133637,-0.1210670106393374,-0.272459848482082,-0.12966864900119177,-0.12287727480484516,-0.13995608007414,3.287940072931513,-0.13689135113075995,-0.12105787008520184,-0.12327961953131979,-0.2088061612768204,-0.19422494769103033,-0.19092787918044743,-0.138589789677694,-0.2105204446279263,-0.16997253180875135,-0.3549270491056286,2.8262670131658725,-0.23323454718310543,-0.14228523046311664,-0.21343818702673792,-0.12061405322841329,-0.12265708933638197,6.1318908778619265,-0.12343820641128608,-0.23648872017105496,-0.15675027022208035,-0.14935081199355485,-0.13311268828430547,-0.17338753590073486,-0.17117580690686846,-0.1608337587402006,-0.1230760537534676,-0.12394315997305108,-0.18902198729296876,-0.12376981784288588,-0.11975303710472059,-0.14176451610439014,-0.1383188980972646,-0.18433707326652513,-0.14075597768410064,-0.12094506751954037,-0.1672611982768258,-0.19860344618907771,-0.1693047839573925,-0.13158645471531422,-0.17668164939273,-0.13919579876322133,-0.14709173737707293,-0.7057611914207166,-0.7098005310600505,1.3620104492139977,-0.40703866324070626,-0.47286624374346037,-0.07142857142857141
0.18549249443819701,-0.023148093248903084,-0.6453302429506743,2,-0.16310736745339036,-0.13931051669133637,-0.1210670106393374,-0.272459848482082,-0.12966864900119177,-0.12287727480484516,-0.13995608007414,-0.21168593274693365,-0.13689135113075995,-0.12105787008520184,-0.12327961953131979,-0.2088061612768204,3.7636221162707977,-0.19092787918044743,-0.138589789677694,-0.2105204446279263,-0.16997253180875135,1.2940665307457713,2.6647163850113915,-0.23323454718310543,-0.14228523046311664,-0.21343818702673792,-0.12061405322841329,-0.12265708933638197,-0.1325797733810791,-0.12343820641128608,-0.23648872017105496,-0.15675027022208035,-0.14935081199355485,-0.13311268828430547,-0.17338753590073486,4.3097397913715305,-0.1608337587402006,-0.1230760537534676,-0.12394315997305108,-0.18902198729296876,-0.12376981784288588,-0.11975303710472059,-0.14176451610439014,-0.1383188980972646,-0.18433707326652513,-0.14075597768410064,-0.12094506751954037,-0.1672611982768258,-0.19860344618907771,-0.1693047839573925,-0.13158645471531422,-0.17668164939273,-0.13919579876322133,-0.14709173737707293,1.4169098728522782,-0.7098005310600505,1.3620104492139977,-0.40703866324070626,-0.47286624374346037,-0.07142857142857141
0.5351769097905168,-1.4050191144712942,-1.2197995509546637,0,-0.16310736745339036,-0.13931051669133637,-0.1210670106393374,-0.272459848482082,-0.12966864900119177,-0.12287727480484516,-0.13995608007414,-0.21168593274693365,-0.13689135113075995,-0.12105787008520184,-0.12327961953131979,-0.2088061612768204,-0.19422494769103033,-0.19092787918044743,-0.138589789677694,-0.2105204446279263,-0.16997253180875135,-0.3549270491056286,-0.25166069244323896,-0.23323454718310543,-0.14228523046311664,-0.21343818702673792,-0.12061405322841329,-0.12265708933638197,-0.1325797733810791,-0.12343820641128608,-0.23648872017105496,6.98600478364886,-0.14935081199355485,-0.13311268828430547,-0.17338753590073486,-0.17117580690686846,-0.1608337587402006,-0.1230760537534676,-0.12394315997305108,-0.18902198729296876,-0.12376981784288588,-0.11975303710472059,-0.14176451610439014,-0.1383188980972646,-0.18433707326652513,-0.14075597768410064,-0.12094506751954037,-0.1672611982768258,-0.19860344618907771,-0.1693047839573925,-0.13158645471531422,-0.17668164939273,-0.13919579876322133,-0.14709173737707293,-0.7057611914207166,-0.7098005310600505,1.3620104492139977,-0.40703866324070626,-0.47286624374346037,-0.07142857142857141
0.5351769097905168,1.0823487237290097,-0.8751179661522701,2,-0.16310736745339036,-0.13931051669133637,-0.1210670106393374,-0.272459848482082,-0.12966864900119177,-0.12287727480484516,-0.13995608007414,-0.21168593274693365,-0.13689135113075995,-0.12105787008520184,-0.12327961953131979,-0.2088061612768204,-0.19422494769103033,-0.19092787918044743,-0.138589789677694,-0.2105204446279263,-0.16997253180875135,-0.3549270491056286,-0.25166069244323896,-0.23323454718310543,-0.14228523046311664,-0.21343818702673792,-0.12061405322841329,-0.12265708933638197,-0.1325797733810791,-0.12343820641128608,-0.23648872017105496,-0.15675027022208035,-0.14935081199355485,-0.13311268828430547,4.618893714764771,-0.17117580690686846,-0.1608337587402006,-0.1230760537534676,-0.12394315997305108,-0.18902198729296876,-0.12376981784288588,-0.11975303710472059,-0.14176451610439014,-0.1383188980972646,4.921830727197431,-0.14075597768410064,-0.12094506751954037,-0.1672611982768258,-0.19860344618907771,-0.1693047839573925,-0.13158645471531422,-0.17668164939273,-0.13919579876322133,-0.14709173737707293,-0.7057611914207166,-0.7098005310600505,-0.7342087577794206,-0.40703866324070626,2.1147629234082532,-0.07142857142857141
-2.6119828283803614,-0.5758965017378596,-1.2197995509546637,2,-0.16310736745339036,-0.13931051669133637,-0.1210670106393374,4.191184686804265,-0.12966864900119177,-0.12287727480484516,-0.13995608007414,-0.21168593274693365,-0.13689135113075995,-0.12105787008520184,-0.12327961953131979,-0.2088061612768204,-0.19422494769103033,-0.19092787918044743,-0.138589789677694,-0.2105204446279263,-0.16997253180875135,-0.3549270491056286,4.149747746977327,-0.23323454718310543,-0.14228523046311664,-0.21343818702673792,-0.12061405322841329,-0.12265708933638197,-0.1325797733810791,-0.12343820641128608,-0.23648872017105496,-0.15675027022208035,-0.14935081199355485,-0.13311268828430547,-0.17338753590073486,-0.17117580690686846,-0.1608337587402006,-0.1230760537534676,-0.12394315997305108,-0.18902198729296876,-0.12376981784288588,-0.11975303710472059,-0.14176451610439014,-0.1383188980972646,-0.18433707326652513,-0.14075597768410064,-0.12094506751954037,-0.1672611982768258,-0.19860344618907771,-0.1693047839573925,-0.13158645471531422,-0.17668164939273,-0.13919579876322133,-0.14709173737707293,-0.7057611914207166,-0.7098005310600505,-0.7342087577794206,-0.40703866324070626,-0.47286624374346037,-0.07142857142857141
0.18549249443819701,0.5296003152400534,0.5036083730573045,0,-0.16310736745339036,-0.13931051669133637,-0.1210670106393374,-0.272459848482082,-0.12966864900119177,-0.12287727480484516,-0.13995608007414,-0.21168593274693365,-0.13689135113075995,-0.12105787008520184,-0.12327961953131979,-0.2088061612768204,-0.19422494769103033,-0.19092787918044743,-0.138589789677694,-0.2105204446279263,-0.16997253180875135,-0.3549270491056286,-0.25166069244323896,-0.23323454718310543,-0.14228523046311664,-0.21343818702673792,-0.12061405322841329,-0.12265708933638197,-0.1325797733810791,-0.12343820641128608,-0.23648872017105496,6.98600478364886,-0.14935081199355485,-0.13311268828430547,-0.17338753590073486,-0.17117580690686846,-0.1608337587402006,-0.1230760537534676,-0.12394315997305108,-0.18902198729296876,-0.12376981784288588,-0.11975303710472059,-0.14176451610439014,-0.1383188980972646,-0.18433707326652513,-0.14075597768410064,-0.12094506751954037,-0.1672611982768258,-0.19860344618907771,-0.1693047839573925,-0.13158645471531422,-0.17668164939273,-0.13919579876322133,-0.14709173737707293,-0.7057611914207166,1.408846508619191,-0.7342087577794206,-0.40703866324070626,-0.47286624374346037,-0.07142857142857141
-1.2132451669710822,0.8059745194845316,-0.6453302429506743,1,-0.16310736745339036,-0.13931051669133637,-0.1210670106393374,-0.272459848482082,-0.12966864900119177,-0.12287727480484516,-0.13995608007414,-0.21168593274693365,-0.13689135113075995,-0.12105787008520184,-0.12327961953131979,-0.2088061612768204,-0.19422494769103033,-0.19092787918044743,-0.138589789677694,-0.2105204446279263,-0.16997253180875135,-0.3549270491056286,-0.25166069244323896,-0.23323454718310543,-0.14228523046311664,-0.21343818702673792,-0.12061405322841329,-0.12265708933638197,-0.1325797733810791,-0.12343820641128608,-0.23648872017105496,-0.15675027022208035,-0.14935081199355485,-0.13311268828430547,-0.17338753590073486,-0.17117580690686846,-0.1608337587402006,-0.1230760537534676,-0.12394315997305108,-0.18902198729296876,-0.12376981784288588,-0.11975303710472059,-0.14176451610439014,-0.1383188980972646,-0.18433707326652513,-0.14075597768410064,-0.12094506751954037,-0.1672611982768258,6.961583584081775,-0.1693047839573925,-0.13158645471531422,-0.17668164939273,-0.13919579876322133,-0.14709173737707293,-0.7057611914207166,-0.7098005310600505,-0.7342087577794206,-0.40703866324070626,-0.47286624374346037,-0.07142857142857141
0.8848613251428366,0.8059745194845316,-1.5644811357570574,2,-0.16310736745339036,-0.13931051669133637,-0.1210670106393374,1.7695367349111322,-0.12966864900119177,-0.12287727480484516,-0.13995608007414,-0.21168593274693365,-0.13689135113075995,-0.12105787008520184,-0.12327961953131979,-0.2088061612768204,-0.19422494769103033,-0.19092787918044743,-0.138589789677694,2.903266242168135,-0.16997253180875135,-0.3549270491056286,-0.25166069244323896,-0.23323454718310543,-0.14228523046311664,-0.21343818702673792,-0.12061405322841329,-0.12265708933638197,-0.1325797733810791,-0.12343820641128608,-0.23648872017105496,-0.15675027022208035,-0.14935081199355485,8.408069730880705,-0.17338753590073486,-0.17117580690686846,-0.1608337587402006,-0.1230760537534676,-0.12394315997305108,-0.18902198729296876,-0.12376981784288588,-0.11975303710472059,-0.14176451610439014,-0.1383188980972646,-0.18433707326652513,-0.14075597768410064,-0.12094506751954037,-0.1672611982768258,-0.19860344618907771,-0.1693047839573925,-0.13158645471531422,-0.17668164939273,-0.13919579876322133,-0.14709173737707293,1.4169098728522782,-0.7098005310600505,1.3620104492139977,-0.40703866324070626,-0.47286624374346037,-0.07142857142857141
-0.16419192091412277,-0.2995222974933813,-0.5304363813498765,1,-0.16310736745339036,-0.13931051669133637,-0.1210670106393374,-0.272459848482082,-0.12966864900119177,-0.12287727480484516,-0.13995608007414,-0.21168593274693365,-0.13689135113075995,-0.12105787008520184,-0.12327961953131979,-0.2088061612768204,-0.19422494769103033,-0.19092787918044743,-0.138589789677694,-0.2105204446279263,-0.16997253180875135,-0.3549270491056286,-0.25166069244323896,-0.23323454718310543,-0.14228523046311664,-0.21343818702673792,-0.12061405322841329,-0.12265708933638197,-0.1325797733810791,-0.12343820641128608,4.882450688720862,-0.15675027022208035,-0.14935081199355485,-0.13311268828430547,-0.17338753590073486,-0.17117580690686846,-0.1608337587402006,-0.1230760537534676,-0.12394315997305108,-0.18902198729296876,-0.12376981784288588,-0.11975303710472059,-0.14176451610439014,-0.1383188980972646,-0.18433707326652513,-0.14075597768410064,-0.12094506751954037,-0.1672611982768258,-0.19860344618907771,-0.1693047839573925,-0.13158645471531422,-0.17668164939273,-0.13919579876322133,-0.14709173737707293,1.4169098728522782,-0.7098005310600505,1.3620104492139977,-0.40703866324070626,-0.47286624374346037,-0.07142857142857141
-0.16419192091412277,-0.2995222974933813,-0.5304363813498765,2,-0.16310736745339036,-0.13931051669133637,-0.1210670106393374,-0.272459848482082,-0.12966864900119177,-0.12287727480484516,-0.13995608007414,-0.21168593274693365,-0.13689135113075995,-0.12105787008520184,-0.12327961953131979,-0.2088061612768204,-0.19422494769103033,-0.19092787918044743,-0.138589789677694,-0.2105204446279263,-0.16997253180875135,-0.3549270491056286,-0.25166069244323896,-0.23323454718310543,-0.14228523046311664,-0.21343818702673792,-0.12061405322841329,-0.12265708933638197,-0.1325797733810791,-0.12343820641128608,4.882450688720862,-0.15675027022208035,-0.14935081199355485,-0.13311268828430547,-0.17338753590073486,-0.17117580690686846,-0.1608337587402006,-0.1230760537534676,-0.12394315997305108,-0.18902198729296876,-0.12376981784288588,-0.11975303710472059,-0.14176451610439014,-0.1383188980972646,-0.18433707326652513,-0.14075597768410064,-0.12094506751954037,-0.1672611982768258,-0.19860344618907771,-0.1693047839573925,-0.13158645471531422,-0.17668164939273,-0.13919579876322133,-0.14709173737707293,1.4169098728522782,-0.7098005310600505,1.3620104492139977,-0.40703866324070626,-0.47286624374346037,-0.07142857142857141
-2.2622984130280415,-0.023148093248903084,-1.4495872741562597,1,-0.16310736745339036,-0.13931051669133637,-0.1210670106393374,-0.272459848482082,-0.12966864900119177,-0.12287727480484516,-0.13995608007414,-0.21168593274693365,-0.13689135113075995,-0.12105787008520184,-0.12327961953131979,-0.2088061612768204,-0.19422494769103033,-0.19092787918044743,-0.138589789677694,-0.2105204446279263,-0.16997253180875135,-0.3549270491056286,-0.25166069244323896,-0.23323454718310543,-0.14228523046311664,-0.21343818702673792,-0.12061405322841329,-0.12265708933638197,-0.1325797733810791,-0.12343820641128608,-0.23648872017105496,-0.15675027022208035,8.04874397108542,-0.13311268828430547,-0.17338753590073486,-0.17117580690686846,-0.1608337587402006,-0.1230760537534676,-0.12394315997305108,-0.18902198729296876,-0.12376981784288588,-0.11975303710472059,-0.14176451610439014,-0.1383188980972646,-0.18433707326652513,-0.14075597768410064,-0.12094506751954037,-0.1672611982768258,-0.19860344618907771,-0.1693047839573925,-0.13158645471531422,-0.17668164939273,-0.13919579876322133,-0.14709173737707293,-0.7057611914207166,1.408846508619191,-0.7342087577794206,-0.40703866324070626,2.1147629234082532,-0.07142857142857141
0.8848613251428366,0.2532261109955751,-1.104905689353866,1,-0.16310736745339036,-0.13931051669133637,-0.1210670106393374,-0.272459848482082,-0.12966864900119177,-0.12287727480484516,-0.13995608007414,-0.21168593274693365,-0.13689135113075995,-0.12105787008520184,-0.12327961953131979,-0.2088061612768204,-0.19422494769103033,-0.19092787918044743,-0.138589789677694,-0.2105204446279263,-0.16997253180875135,-0.3549270491056286,-0.25166069244323896,-0.23323454718310543,-0.14228523046311664,-0.21343818702673792,-0.12061405322841329,5.81073371794167,-0.1325797733810791,-0.12343820641128608,-0.23648872017105496,-0.15675027022208035,-0.14935081199355485,-0.13311268828430547,-0.17338753590073486,-0.17117580690686846,-0.1608337587402006,-0.1230760537534676,-0.12394315997305108,-0.18902198729296876,-0.12376981784288588,-0.11975303710472059,-0.14176451610439014,-0.1383188980972646,3.785638093950448,-0.14075597768410064,-0.12094506751954037,-0.1672611982768258,-0.19860344618907771,-0.1693047839573925,-0.13158645471531422,4.31154951931854,-0.13919579876322133,-0.14709173737707293,-0.7057611914207166,1.408846508619191,-0.7342087577794206,2.456769074559977,-0.47286624374346037,-0.07142857142857141
0.8848613251428366,-1.4050191144712942,0.38871451145650665,2,-0.16310736745339036,-0.13931051669133637,-0.1210670106393374,-0.272459848482082,-0.12966864900119177,-0.12287727480484516,-0.13995608007414,6.210859020398577,-0.13689135113075995,-0.12105787008520184,-0.12327961953131979,-0.2088061612768204,-0.19422494769103033,-0.19092787918044743,-0.138589789677694,-0.2105204446279263,-0.16997253180875135,-0.3549270491056286,-0.25166069244323896,-0.23323454718310543,-0.14228523046311664,-0.21343818702673792,-0.12061405322841329,-0.12265708933638197,-0.1325797733810791,-0.12343820641128608,-0.23648872017105496,-0.15675027022208035,-0.14935081199355485,-0.13311268828430547,-0.17338753590073486,-0.17117580690686846,-0.1608337587402006,-0.1230760537534676,-0.12394315997305108,-0.18902198729296876,-0.12376981784288588,-0.11975303710472059,-0.14176451610439014,-0.1383188980972646,-0.18433707326652513,-0.14075597768410064,-0.12094506751954037,-0.1672611982768258,-0.19860344618907771,-0.1693047839573925,-0.13158645471531422,-0.17668164939273,-0.13919579876322133,-0.14709173737707293,-0.7057611914207166,1.408846508619191,1.3620104492139977,-0.40703866324070626,-0.47286624374346037,-0.07142857142857141
-0.5138763362664426,1.358722927973488,0.27382064985570875,2,-0.16310736745339036,-0.13931051669133637,-0.1210670106393374,-0.272459848482082,-0.12966864900119177,-0.12287727480484516,-0.13995608007414,-0.21168593274693365,-0.13689135113075995,-0.12105787008520184,-0.12327961953131979,-0.2088061612768204,-0.19422494769103033,-0.19092787918044743,-0.138589789677694,-0.2105204446279263,-0.16997253180875135,-0.3549270491056286,-0.25166069244323896,-0.23323454718310543,-0.14228523046311664,-0.21343818702673792,-0.12061405322841329,-0.12265708933638197,-0.1325797733810791,-0.12343820641128608,4.882450688720862,-0.15675027022208035,-0.14935081199355485,-0.13311268828430547,-0.17338753590073486,-0.17117580690686846,-0.1608337587402006,-0.1230760537534676,-0.12394315997305108,-0.18902198729296876,-0.12376981784288588,-0.11975303710472059,-0.14176451610439014,-0.1383188980972646,-0.18433707326652513,-0.14075597768410064,-0.12094506751954037,-0.1672611982768258,-0.19860344618907771,-0.1693047839573925,-0.13158645471531422,-0.17668164939273,-0.13919579876322133,-0.14709173737707293,-0.7057611914207166,1.408846508619191,-0.7342087577794206,-0.40703866324070626,-0.47286624374346037,-0.07142857142857141
0.8848613251428366,0.8059745194845316,0.5036083730573045,2,-0.16310736745339036,-0.13931051669133637,-0.1210670106393374,3.976163075694195,-0.12966864900119177,-0.12287727480484516,-0.13995608007414,-0.21168593274693365,-0.13689135113075995,-0.12105787008520184,-0.12327961953131979,-0.2088061612768204,-0.19422494769103033,-0.19092787918044743,-0.138589789677694,6.268092500224959,-0.16997253180875135,-0.3549270491056286,-0.25166069244323896,-0.23323454718310543,-0.14228523046311664,-0.21343818702673792,-0.12061405322841329,-0.12265708933638197,-0.1325797733810791,-0.12343820641128608,-0.23648872017105496,-0.15675027022208035,-0.14935081199355485,-0.13311268828430547,-0.17338753590073486,-0.17117580690686846,-0.1608337587402006,-0.1230760537534676,-0.12394315997305108,-0.18902198729296876,-0.12376981784288588,-0.11975303710472059,-0.14176451610439014,-0.1383188980972646,-0.18433707326652513,-0.14075597768410064,-0.12094506751954037,-0.1672611982768258,-0.19860344618907771,-0.1693047839573925,-0.13158645471531422,-0.17668164939273,-0.13919579876322133,-0.14709173737707293,1.4169098728522782,-0.7098005310600505,-0.7342087577794206,-0.40703866324070626,-0.47286624374346037,-0.07142857142857141
-0.5138763362664426,-0.8522707059823377,-1.5644811357570574,1,-0.16310736745339036,-0.13931051669133637,-0.1210670106393374,-0.272459848482082,-0.12966864900119177,-0.12287727480484516,-0.13995608007414,-0.21168593274693365,-0.13689135113075995,-0.12105787008520184,-0.12327961953131979,-0.2088061612768204,-0.19422494769103033,-0.19092787918044743,-0.138589789677694,-0.2105204446279263,-0.16997253180875135,1.3230615545193742,-0.25166069244323896,-0.23323454718310543,-0.14228523046311664,-0.21343818702673792,-0.12061405322841329,-0.12265708933638197,-0.1325797733810791,-0.12343820641128608,-0.23648872017105496,-0.15675027022208035,-0.14935081199355485,-0.13311268828430547,-0.17338753590073486,-0.17117580690686846,-0.1608337587402006,8.036571277158659,-0.12394315997305108,-0.18902198729296876,-0.12376981784288588,-0.11975303710472059,5.2804485157877,-0.1383188980972646,-0.18433707326652513,-0.14075597768410064,-0.12094506751954037,-0.1672611982768258,-0.19860344618907771,-0.1693047839573925,-0.13158645471531422,-0.17668164939273,-0.13919579876322133,-0.14709173737707293,1.4169098728522782,-0.7098005310600505,-0.7342087577794206,-0.40703866324070626,2.1147629234082532,-0.07142857142857141
0.8848613251428366,-1.128644910226816,0.9631838194604961,1,-0.16310736745339036,-0.13931051669133637,-0.1210670106393374,-0.272459848482082,-0.12966864900119177,-0.12287727480484516,-0.13995608007414,-0.21168593274693365,-0.13689135113075995,-0.12105787008520184,-0.12327961953131979,-0.2088061612768204,-0.19422494769103033,-0.19092787918044743,-0.138589789677694,-0.2105204446279263,-0.16997253180875135,-0.3549270491056286,-0.25166069244323896,-0.23323454718310543,-0.14228523046311664,-0.21343818702673792,-0.12061405322841329,-0.12265708933638197,-0.1325797733810791,-0.12343820641128608,-0.23648872017105496,-0.15675027022208035,-0.14935081199355485,-0.13311268828430547,-0.17338753590073486,-0.17117580690686846,-0.1608337587402006,-0.1230760537534676,-0.12394315997305108,-0.18902198729296876,-0.12376981784288588,-0.11975303710472059,-0.14176451610439014,-0.1383188980972646,-0.18433707326652513,-0.14075597768410064,-0.12094506751954037,-0.1672611982768258,-0.19860344618907771,-0.1693047839573925,-0.13158645471531422,-0.17668164939273,-0.13919579876322133,-0.14709173737707293,-0.7057611914207166,-0.7098005310600505,-0.7342087577794206,-0.40703866324070626,2.1147629234082532,-0.07142857142857141
-0.8635607516187623,0.2532261109955751,-0.6453302429506743,1,-0.16310736745339036,-0.13931051669133637,-0.1210670106393374,-0.272459848482082,-0.12966864900119177,-0.12287727480484516,-0.13995608007414,-0.21168593274693365,-0.13689135113075995,-0.12105787008520184,-0.12327961953131979,-0.2088061612768204,-0.19422494769103033,-0.19092787918044743,-0.138589789677694,-0.2105204446279263,-0.16997253180875135,2.117705897780608,-0.25166069244323896,-0.23323454718310543,-0.14228523046311664,-0.21343818702673792,-0.12061405322841329,-0.12265708933638197,-0.1325797733810791,-0.12343820641128608,-0.23648872017105496,-0.15675027022208035,-0.14935081199355485,-0.13311268828430547,-0.17338753590073486,-0.17117580690686846,-0.1608337587402006,-0.1230760537534676,-0.12394315997305108,-0.18902198729296876,-0.12376981784288588,-0.11975303710472059,-0.14176451610439014,-0.1383188980972646,-0.18433707326652513,-0.14075597768410064,-0.12094506751954037,-0.1672611982768258,5.570824278931318,-0.1693047839573925,-0.13158645471531422,-0.17668164939273,-0.13919579876322133,-0.14709173737707293,-0.7057611914207166,1.408846508619191,1.3620104492139977,-0.40703866324070626,-0.47286624374346037,-0.07142857142857141
-1.2132451669710822,1.358722927973488,-1.2197995509546637,0,-0.16310736745339036,-0.13931051669133637,-0.1210670106393374,-0.272459848482082,-0.12966864900119177,-0.12287727480484516,-0.13995608007414,6.210859020398577,-0.13689135113075995,-0.12105787008520184,-0.12327961953131979,-0.2088061612768204,-0.19422494769103033,-0.19092787918044743,-0.138589789677694,-0.2105204446279263,-0.16997253180875135,-0.3549270491056286,-0.25166069244323896,-0.23323454718310543,-0.14228523046311664,-0.21343818702673792,-0.12061405322841329,-0.12265708933638197,-0.1325797733810791,-0.12343820641128608,-0.23648872017105496,-0.15675027022208035,-0.14935081199355485,-0.13311268828430547,-0.17338753590073486,-0.17117580690686846,-0.1608337587402006,-0.1230760537534676,-0.12394315997305108,-0.18902198729296876,-0.12376981784288588,-0.11975303710472059,-0.14176451610439014,-0.1383188980972646,-0.18433707326652513,-0.14075597768410064,-0.12094506751954037,-0.1672611982768258,-0.19860344618907771,-0.1693047839573925,-0.13158645471531422,-0.17668164939273,-0.13919579876322133,-0.14709173737707293,-0.7057611914207166,-0.7098005310600505,-0.7342087577794206,-0.40703866324070626,-0.47286624374346037,-0.07142857142857141
0.18549249443819701,0.8059745194845316,0.5036083730573045,1,-0.16310736745339036,-0.13931051669133637,-0.1210670106393374,-0.272459848482082,-0.12966864900119177,-0.12287727480484516,-0.13995608007414,-0.21168593274693365,-0.13689135113075995,-0.12105787008520184,-0.12327961953131979,-0.2088061612768204,-0.19422494769103033,-0.19092787918044743,-0.138589789677694,-0.2105204446279263,-0.16997253180875135,-0.3549270491056286,-0.25166069244323896,-0.23323454718310543,-0.14228523046311664,-0.21343818702673792,-0.12061405322841329,-0.12265708933638197,-0.1325797733810791,-0.12343820641128608,-0.23648872017105496,-0.15675027022208035,-0.14935081199355485,-0.13311268828430547,-0.17338753590073486,-0.17117580690686846,-0.1608337587402006,-0.1230760537534676,-0.12394315997305108,-0.18902198729296876,-0.12376981784288588,-0.11975303710472059,-0.14176451610439014,-0.1383188980972646,-0.18433707326652513,-0.14075597768410064,7.848802433278388,-0.1672611982768258,4.3537479515756585,-0.1693047839573925,-0.13158645471531422,-0.17668164939273,-0.13919579876322133,-0.14709173737707293,-0.7057611914207166,1.408846508619191,-0.7342087577794206,2.456769074559977,-0.47286624374346037,-0.07142857142857141
0.8848613251428366,-0.2995222974933813,1.6525469890652835,1,-0.16310736745339036,-0.13931051669133637,-0.1210670106393374,-0.272459848482082,-0.12966864900119177,-0.12287727480484516,-0.13995608007414,-0.21168593274693365,-0.13689135113075995,-0.12105787008520184,-0.12327961953131979,-0.2088061612768204,-0.19422494769103033,-0.19092787918044743,-0.138589789677694,-0.2105204446279263,-0.16997253180875135,-0.3549270491056286,-0.25166069244323896,-0.23323454718310543,-0.14228523046311664,-0.21343818702673792,-0.12061405322841329,-0.12265708933638197,-0.1325797733810791,-0.12343820641128608,4.882450688720862,-0.15675027022208035,-0.14935081199355485,-0.13311268828430547,-0.17338753590073486,-0.17117580690686846,-0.1608337587402006,-0.1230760537534676,-0.12394315997305108,-0.18902198729296876,-0.12376981784288588,-0.11975303710472059,-0.14176451610439014,-0.1383188980972646,-0.18433707326652513,-0.14075597768410064,-0.12094506751954037,-0.1672611982768258,-0.19860344618907771,-0.1693047839573925,-0.13158645471531422,-0.17668164939273,-0.13919579876322133,-0.14709173737707293,1.4169098728522782,-0.7098005310600505,1.3620104492139977,-0.40703866324070626,-0.47286624374346037,-0.07142857142857141
-0.8635607516187623,0.2532261109955751,-0.07086093494668493,0,-0.16310736745339036,-0.13931051669133637,-0.1210670106393374,-0.272459848482082,-0.12966864900119177,-0.12287727480484516,4.622739142293503,-0.21168593274693365,-0.13689135113075995,-0.12105787008520184,-0.12327961953131979,-0.2088061612768204,-0.19422494769103033,-0.19092787918044743,-0.138589789677694,-0.2105204446279263,-0.16997253180875135,-0.3549270491056286,-0.25166069244323896,-0.23323454718310543,-0.14228523046311664,-0.21343818702673792,-0.12061405322841329,-0.12265708933638197,-0.1325797733810791,-0.12343820641128608,-0.23648872017105496,-0.15675027022208035,-0.14935081199355485,-0.13311268828430547,-0.17338753590073486,-0.17117580690686846,3.8652326939047215,5.723392275979749,-0.12394315997305108,-0.18902198729296876,-0.12376981784288588,5.514156157712445,-0.14176451610439014,-0.1383188980972646,2.779555157482356,-0.14075597768410064,-0.12094506751954037,-0.1672611982768258,-0.19860344618907771,-0.1693047839573925,-0.13158645471531422,-0.17668164939273,-0.13919579876322133,-0.14709173737707293,-0.7057611914207166,-0.7098005310600505,-0.7342087577794206,2.456769074559977,-0.47286624374346037,-0.07142857142857141
0.8848613251428366,-1.128644910226816,1.4227592658636876,1,-0.16310736745339036,-0.13931051669133637,-0.1210670106393374,-0.272459848482082,-0.12966864900119177,-0.12287727480484516,-0.13995608007414,-0.21168593274693365,-0.13689135113075995,-0.12105787008520184,-0.12327961953131979,-0.2088061612768204,-0.19422494769103033,-0.19092787918044743,-0.138589789677694,-0.2105204446279263,-0.16997253180875135,-0.3549270491056286,-0.25166069244323896,-0.23323454718310543,-0.14228523046311664,-0.21343818702673792,-0.12061405322841329,-0.12265708933638197,-0.1325797733810791,-0.12343820641128608,-0.23648872017105496,-0.15675027022208035,-0.14935081199355485,-0.13311268828430547,-0.17338753590073486,-0.17117580690686846,-0.1608337587402006,-0.1230760537534676,-0.12394315997305108,-0.18902198729296876,-0.12376981784288588,-0.11975303710472059,-0.14176451610439014,8.141689098066443,-0.18433707326652513,-0.14075597768410064,-0.12094506751954037,-0.1672611982768258,-0.19860344618907771,-0.1693047839573925,-0.13158645471531422,-0.17668164939273,-0.13919579876322133,-0.14709173737707293,-0.7057611914207166,1.408846508619191,1.3620104492139977,-0.40703866324070626,-0.47286624374346037,-0.07142857142857141
0.8848613251428366,-1.128644910226816,-0.4155425197490786,2,-0.16310736745339036,-0.13931051669133637,-0.1210670106393374,-0.272459848482082,-0.12966864900119177,-0.12287727480484516,-0.13995608007414,-0.21168593274693365,-0.13689135113075995,-0.12105787008520184,-0.12327961953131979,-0.2088061612768204,-0.19422494769103033,-0.19092787918044743,10.828872902533954,-0.2105204446279263,-0.16997253180875135,-0.3549270491056286,-0.25166069244323896,-0.23323454718310543,-0.14228523046311664,-0.21343818702673792,-0.12061405322841329,-0.12265708933638197,-0.1325797733810791,-0.12343820641128608,-0.23648872017105496,-0.15675027022208035,-0.14935081199355485,-0.13311268828430547,-0.17338753590073486,-0.17117580690686846,-0.1608337587402006,-0.1230760537534676,-0.12394315997305108,-0.18902198729296876,-0.12376981784288588,-0.11975303710472059,-0.14176451610439014,-0.1383188980972646,-0.18433707326652513,-0.14075597768410064,-0.12094506751954037,-0.1672611982768258,-0.19860344618907771,-0.1693047839573925,-0.13158645471531422,-0.17668164939273,-0.13919579876322133,-0.14709173737707293,-0.7057611914207166,1.408846508619191,-0.7342087577794206,-0.40703866324070626,-0.47286624374346037,-0.07142857142857141
-1.2132451669710822,1.6350971322179662,0.7333960962589003,1,-0.16310736745339036,-0.13931051669133637,-0.1210670106393374,-0.272459848482082,-0.12966864900119177,-0.12287727480484516,-0.13995608007414,-0.21168593274693365,-0.13689135113075995,-0.12105787008520184,-0.12327961953131979,-0.2088061612768204,-0.19422494769103033,-0.19092787918044743,-0.138589789677694,4.3271765559310875,-0.16997253180875135,-0.3549270491056286,-0.25166069244323896,-0.23323454718310543,-0.14228523046311664,-0.21343818702673792,6.681361397552528,-0.12265708933638197,-0.1325797733810791,-0.12343820641128608,-0.23648872017105496,-0.15675027022208035,-0.14935081199355485,-0.13311268828430547,-0.17338753590073486,-0.17117580690686846,-0.1608337587402006,-0.1230760537534676,-0.12394315997305108,-0.18902198729296876,-0.12376981784288588,-0.11975303710472059,-0.14176451610439014,-0.1383188980972646,-0.18433707326652513,-0.14075597768410064,-0.12094506751954037,-0.1672611982768258,3.6726543293945597,-0.1693047839573925,-0.13158645471531422,-0.17668164939273,-0.13919579876322133,-0.14709173737707293,1.4169098728522782,-0.7098005310600505,-0.7342087577794206,-0.40703866324070626,-0.47286624374346037,-0.07142857142857141
0.18549249443819701,0.2532261109955751,0.5036083730573045,2,-0.16310736745339036,-0.13931051669133637,6.301788595769976,-0.272459848482082,-0.12966864900119177,-0.12287727480484516,-0.13995608007414,-0.21168593274693365,-0.13689135113075995,-0.12105787008520184,-0.12327961953131979,-0.2088061612768204,-0.19422494769103033,-0.19092787918044743,-0.138589789677694,-0.2105204446279263,-0.16997253180875135,-0.3549270491056286,-0.25166069244323896,1.9726134537977273,-0.14228523046311664,-0.21343818702673792,-0.12061405322841329,-0.12265708933638197,-0.1325797733810791,-0.12343820641128608,-0.23648872017105496,-0.15675027022208035,-0.14935081199355485,-0.13311268828430547,-0.17338753590073486,-0.17117580690686846,4.62809796797355,-0.1230760537534676,-0.12394315997305108,-0.18902198729296876,-0.12376981784288588,-0.11975303710472059,-0.14176451610439014,-0.1383188980972646,-0.18433707326652513,-0.14075597768410064,-0.12094506751954037,-0.1672611982768258,-0.19860344618907771,-0.1693047839573925,-0.13158645471531422,3.809045291543094,-0.13919579876322133,-0.14709173737707293,-0.7057611914207166,1.408846508619191,1.3620104492139977,-0.40703866324070626,-0.47286624374346037,-0.07142857142857141
0.5351769097905168,0.8059745194845316,1.4227592658636876,1,-0.16310736745339036,-0.13931051669133637,-0.1210670106393374,-0.272459848482082,-0.12966864900119177,-0.12287727480484516,-0.13995608007414,-0.21168593274693365,-0.13689135113075995,-0.12105787008520184,-0.12327961953131979,-0.2088061612768204,-0.19422494769103033,-0.19092787918044743,-0.138589789677694,-0.2105204446279263,-0.16997253180875135,-0.3549270491056286,-0.25166069244323896,-0.23323454718310543,-0.14228523046311664,-0.21343818702673792,-0.12061405322841329,-0.12265708933638197,-0.1325797733810791,-0.12343820641128608,-0.23648872017105496,-0.15675027022208035,-0.14935081199355485,-0.13311268828430547,-0.17338753590073486,-0.17117580690686846,-0.1608337587402006,-0.1230760537534676,-0.12394315997305108,-0.18902198729296876,-0.12376981784288588,-0.11975303710472059,-0.14176451610439014,-0.1383188980972646,-0.18433707326652513,-0.14075597768410064,-0.12094506751954037,-0.1672611982768258,-0.19860344618907771,-0.1693047839573925,-0.13158645471531422,-0.17668164939273,-0.13919579876322133,-0.14709173737707293,-0.7057611914207166,1.408846508619191,-0.7342087577794206,2.456769074559977,-0.47286624374346037,-0.07142857142857141
-0.16419192091412277,-1.4050191144712942,-1.2197995509546637,2,-0.16310736745339036,-0.13931051669133637,-0.1210670106393374,-0.272459848482082,-0.12966864900119177,-0.12287727480484516,-0.13995608007414,-0.21168593274693365,-0.13689135113075995,-0.12105787008520184,-0.12327961953131979,-0.2088061612768204,-0.19422494769103033,-0.19092787918044743,-0.138589789677694,-0.2105204446279263,-0.16997253180875135,3.8201571530217064,-0.25166069244323896,-0.23323454718310543,-0.14228523046311664,-0.21343818702673792,-0.12061405322841329,-0.12265708933638197,-0.1325797733810791,-0.12343820641128608,-0.23648872017105496,-0.15675027022208035,-0.14935081199355485,-0.13311268828430547,-0.17338753590073486,-0.17117580690686846,-0.1608337587402006,-0.1230760537534676,-0.12394315997305108,-0.18902198729296876,-0.12376981784288588,-0.11975303710472059,-0.14176451610439014,-0.1383188980972646,-0.18433707326652513,-0.14075597768410064,-0.12094506751954037,-0.1672611982768258,-0.19860344618907771,-0.1693047839573925,-0.13158645471531422,-0.17668164939273,-0.13919579876322133,-0.14709173737707293,-0.7057611914207166,1.408846508619191,-0.7342087577794206,2.456769074559977,-0.47286624374346037,-0.07142857142857141
-1.9126139976757217,1.6350971322179662,0.27382064985570875,1,-0.16310736745339036,-0.13931051669133637,-0.1210670106393374,-0.272459848482082,-0.12966864900119177,-0.12287727480484516,-0.13995608007414,-0.21168593274693365,-0.13689135113075995,-0.12105787008520184,-0.12327961953131979,-0.2088061612768204,-0.19422494769103033,-0.19092787918044743,-0.138589789677694,-0.2105204446279263,-0.16997253180875135,-0.3549270491056286,-0.25166069244323896,-0.23323454718310543,-0.14228523046311664,-0.21343818702673792,-0.12061405322841329,-0.12265708933638197,-0.1325797733810791,-0.12343820641128608,-0.23648872017105496,-0.15675027022208035,-0.14935081199355485,-0.13311268828430547,-0.17338753590073486,-0.17117580690686846,-0.1608337587402006,-0.1230760537534676,-0.12394315997305108,-0.18902198729296876,-0.12376981784288588,-0.11975303710472059,-0.14176451610439014,-0.1383188980972646,-0.18433707326652513,-0.14075597768410064,-0.12094506751954037,-0.1672611982768258,-0.19860344618907771,-0.1693047839573925,-0.13158645471531422,-0.17668164939273,-0.13919579876322133,-0.14709173737707293,-0.7057611914207166,1.408846508619191,-0.7342087577794206,-0.40703866324070626,2.1147629234082532,-0.07142857142857141
0.8848613251428366,-1.4050191144712942,1.192971542662092,2,-0.16310736745339036,-0.13931051669133637,-0.1210670106393374,-0.272459848482082,-0.12966864900119177,-0.12287727480484516,-0.13995608007414,-0.21168593274693365,-0.13689135113075995,-0.12105787008520184,-0.12327961953131979,-0.2088061612768204,-0.19422494769103033,-0.19092787918044743,-0.138589789677694,6.03376866752466,-0.16997253180875135,-0.3549270491056286,-0.25166069244323896,-0.23323454718310543,-0.14228523046311664,-0.21343818702673792,-0.12061405322841329,-0.12265708933638197,-0.1325797733810791,-0.12343820641128608,3.294325534749746,-0.15675027022208035,-0.14935081199355485,-0.13311268828430547,-0.17338753590073486,-0.17117580690686846,-0.1608337587402006,-0.1230760537534676,-0.12394315997305108,-0.18902198729296876,-0.12376981784288588,-0.11975303710472059,-0.14176451610439014,-0.1383188980972646,-0.18433707326652513,-0.14075597768410064,-0.12094506751954037,-0.1672611982768258,-0.19860344618907771,-0.1693047839573925,-0.13158645471531422,-0.17668164939273,-0.13919579876322133,-0.14709173737707293,-0.7057611914207166,1.408846508619191,1.3620104492139977,-0.40703866324070626,-0.47286624374346037,-0.07142857142857141
-1.9126139976757217,1.6350971322179662,0.7333960962589003,2,-0.16310736745339036,-0.13931051669133637,-0.1210670106393374,-0.272459848482082,-0.12966864900119177,-0.12287727480484516,-0.13995608007414,-0.21168593274693365,-0.13689135113075995,-0.12105787008520184,-0.12327961953131979,-0.2088061612768204,-0.19422494769103033,-0.19092787918044743,-0.138589789677694,-0.2105204446279263,-0.16997253180875135,3.8201571530217064,-0.25166069244323896,-0.23323454718310543,-0.14228523046311664,-0.21343818702673792,-0.12061405322841329,-0.12265708933638197,-0.1325797733810791,-0.12343820641128608,-0.23648872017105496,-0.15675027022208035,-0.14935081199355485,-0.13311268828430547,-0.17338753590073486,-0.17117580690686846,-0.1608337587402006,-0.1230760537534676,-0.12394315997305108,-0.18902198729296876,-0.12376981784288588,-0.11975303710472059,-0.14176451610439014,-0.1383188980972646,-0.18433707326652513,-0.14075597768410064,-0.12094506751954037,-0.1672611982768258,-0.19860344618907771,-0.1693047839573925,-0.13158645471531422,-0.17668164939273,-0.13919579876322133,-0.14709173737707293,-0.7057611914207166,-0.7098005310600505,-0.7342087577794206,-0.40703866324070626,-0.47286624374346037,-0.07142857142857141
0.8848613251428366,-1.128644910226816,1.078077681061294,1,-0.16310736745339036,-0.13931051669133637,-0.1210670106393374,-0.272459848482082,-0.12966864900119177,-0.12287727480484516,-0.13995608007414,-0.21168593274693365,-0.13689135113075995,-0.12105787008520184,-0.12327961953131979,-0.2088061612768204,-0.19422494769103033,-0.19092787918044743,-0.138589789677694,-0.2105204446279263,-0.16997253180875135,-0.3549270491056286,-0.25166069244323896,-0.23323454718310543,-0.14228523046311664,-0.21343818702673792,-0.12061405322841329,-0.12265708933638197,-0.1325797733810791,-0.12343820641128608,-0.23648872017105496,-0.15675027022208035,-0.14935081199355485,-0.13311268828430547,-0.17338753590073486,-0.17117580690686846,-0.1608337587402006,-0.1230760537534676,-0.12394315997305108,-0.18902198729296876,-0.12376981784288588,-0.11975303710472059,-0.14176451610439014,-0.1383188980972646,-0.18433707326652513,-0.14075597768410064,-0.12094506751954037,-0.1672611982768258,6.961583584081775,-0.1693047839573925,-0.13158645471531422,-0.17668164939273,-0.13919579876322133,-0.14709173737707293,-0.7057611914207166,-0.7098005310600505,-0.7342087577794206,-0.40703866324070626,2.1147629234082532,-0.07142857142857141
-0.16419192091412277,-0.023148093248903084,0.7333960962589003,1,-0.16310736745339036,-0.13931051669133637,-0.1210670106393374,-0.272459848482082,-0.12966864900119177,-0.12287727480484516,-0.13995608007414,-0.21168593274693365,-0.13689135113075995,-0.12105787008520184,-0.12327961953131979,-0.2088061612768204,-0.19422494769103033,-0.19092787918044743,-0.138589789677694,-0.2105204446279263,-0.16997253180875135,-0.3549270491056286,-0.25166069244323896,-0.23323454718310543,-0.14228523046311664,-0.21343818702673792,-0.12061405322841329,-0.12265708933638197,-0.1325797733810791,-0.12343820641128608,-0.23648872017105496,-0.15675027022208035,-0.14935081199355485,-0.13311268828430547,6.494965675098376,-0.17117580690686846,-0.1608337587402006,-0.1230760537534676,-0.12394315997305108,-0.18902198729296876,-0.12376981784288588,-0.11975303710472059,-0.14176451610439014,-0.1383188980972646,-0.18433707326652513,-0.14075597768410064,-0.12094506751954037,-0.1672611982768258,-0.19860344618907771,-0.1693047839573925,-0.13158645471531422,-0.17668164939273,-0.13919579876322133,-0.14709173737707293,-0.7057611914207166,-0.7098005310600505,-0.7342087577794206,-0.40703866324070626,-0.47286624374346037,-0.07142857142857141
0.8848613251428366,1.0823487237290097,-1.2197995509546637,1,-0.16310736745339036,-0.13931051669133637,-0.1210670106393374,-0.272459848482082,-0.12966864900119177,-0.12287727480484516,-0.13995608007414,-0.21168593274693365,-0.13689135113075995,-0.12105787008520184,-0.12327961953131979,-0.2088061612768204,7.171090041993559,-0.19092787918044743,-0.138589789677694,-0.2105204446279263,-0.16997253180875135,-0.3549270491056286,-0.25166069244323896,-0.23323454718310543,-0.14228523046311664,-0.21343818702673792,-0.12061405322841329,-0.12265708933638197,-0.1325797733810791,-0.12343820641128608,-0.23648872017105496,-0.15675027022208035,-0.14935081199355485,-0.13311268828430547,-0.17338753590073486,-0.17117580690686846,-0.1608337587402006,-0.1230760537534676,-0.12394315997305108,-0.18902198729296876,-0.12376981784288588,-0.11975303710472059,-0.14176451610439014,-0.1383188980972646,-0.18433707326652513,-0.14075597768410064,-0.12094506751954037,-0.1672611982768258,-0.19860344618907771,-0.1693047839573925,-0.13158645471531422,-0.17668164939273,-0.13919579876322133,-0.14709173737707293,1.4169098728522782,-0.7098005310600505,1.3620104492139977,-0.40703866324070626,-0.47286624374346037,-0.07142857142857141
-0.16419192091412277,-0.5758965017378596,-1.5644811357570574,1,-0.16310736745339036,-0.13931051669133637,-0.1210670106393374,-0.272459848482082,-0.12966864900119177,-0.12287727480484516,-0.13995608007414,-0.21168593274693365,-0.13689135113075995,-0.12105787008520184,-0.12327961953131979,-0.2088061612768204,-0.19422494769103033,-0.19092787918044743,-0.138589789677694,-0.2105204446279263,-0.16997253180875135,-0.3549270491056286,-0.25166069244323896,-0.23323454718310543,-0.14228523046311664,-0.21343818702673792,-0.12061405322841329,-0.12265708933638197,-0.1325797733810791,-0.12343820641128608,-0.23648872017105496,-0.15675027022208035,-0.14935081199355485,-0.13311268828430547,-0.17338753590073486,-0.17117580690686846,-0.1608337587402006,-0.1230760537534676,-0.12394315997305108,-0.18902198729296876,-0.12376981784288588,-0.11975303710472059,-0.14176451610439014,-0.1383188980972646,-0.18433707326652513,-0.14075597768410064,-0.12094506751954037,-0.1672611982768258,-0.19860344618907771,-0.1693047839573925,-0.13158645471531422,-0.17668164939273,-0.13919579876322133,-0.14709173737707293,-0.7057611914207166,-0.7098005310600505,-0.7342087577794206,-0.40703866324070626,-0.47286624374346037,-0.07142857142857141
-1.562929582323402,1.358722927973488,1.4227592658636876,1,-0.16310736745339036,-0.13931051669133637,-0.1210670106393374,-0.272459848482082,-0.12966864900119177,-0.12287727480484516,-0.13995608007414,-0.21168593274693365,-0.13689135113075995,-0.12105787008520184,-0.12327961953131979,-0.2088061612768204,3.655313216659775,-0.19092787918044743,-0.138589789677694,-0.2105204446279263,-0.16997253180875135,-0.3549270491056286,-0.25166069244323896,-0.23323454718310543,6.775367986394326,-0.21343818702673792,-0.12061405322841329,-0.12265708933638197,-0.1325797733810791,-0.12343820641128608,-0.23648872017105496,-0.15675027022208035,-0.14935081199355485,-0.13311268828430547,-0.17338753590073486,-0.17117580690686846,-0.1608337587402006,-0.1230760537534676,-0.12394315997305108,-0.18902198729296876,-0.12376981784288588,-0.11975303710472059,-0.14176451610439014,-0.1383188980972646,-0.18433707326652513,6.896651427420109,-0.12094506751954037,-0.1672611982768258,-0.19860344618907771,-0.1693047839573925,-0.13158645471531422,-0.17668164939273,-0.13919579876322133,-0.14709173737707293,1.4169098728522782,-0.7098005310600505,1.3620104492139977,-0.40703866324070626,-0.47286624374346037,-0.07142857142857141
0.5351769097905168,-0.8522707059823377,0.5036083730573045,2,-0.16310736745339036,-0.13931051669133637,-0.1210670106393374,3.615972756258615,-0.12966864900119177,-0.12287727480484516,-0.13995608007414,-0.21168593274693365,-0.13689135113075995,-0.12105787008520184,-0.12327961953131979,-0.2088061612768204,-0.19422494769103033,-0.19092787918044743,-0.138589789677694,-0.2105204446279263,-0.16997253180875135,-0.3549270491056286,-0.25166069244323896,-0.23323454718310543,-0.14228523046311664,-0.21343818702673792,-0.12061405322841329,-0.12265708933638197,-0.1325797733810791,-0.12343820641128608,-0.23648872017105496,-0.15675027022208035,6.383775175812555,-0.13311268828430547,-0.17338753590073486,-0.17117580690686846,-0.1608337587402006,-0.1230760537534676,-0.12394315997305108,-0.18902198729296876,-0.12376981784288588,-0.11975303710472059,-0.14176451610439014,-0.1383188980972646,-0.18433707326652513,-0.14075597768410064,-0.12094506751954037,-0.1672611982768258,-0.19860344618907771,-0.1693047839573925,-0.13158645471531422,-0.17668164939273,-0.13919579876322133,-0.14709173737707293,-0.7057611914207166,1.408846508619191,1.3620104492139977,-0.40703866324070626,-0.47286624374346037,-0.07142857142857141
0.8848613251428366,-1.4050191144712942,-0.07086093494668493,2,-0.16310736745339036,-0.13931051669133637,-0.1210670106393374,-0.272459848482082,-0.12966864900119177,-0.12287727480484516,-0.13995608007414,-0.21168593274693365,-0.13689135113075995,-0.12105787008520184,-0.12327961953131979,-0.2088061612768204,-0.19422494769103033,-0.19092787918044743,-0.138589789677694,-0.2105204446279263,-0.16997253180875135,-0.3549270491056286,-0.25166069244323896,-0.23323454718310543,-0.14228523046311664,-0.21343818702673792,-0.12061405322841329,-0.12265708933638197,-0.1325797733810791,-0.12343820641128608,-0.23648872017105496,-0.15675027022208035,-0.14935081199355485,-0.13311268828430547,-0.17338753590073486,-0.17117580690686846,-0.1608337587402006,-0.1230760537534676,-0.12394315997305108,-0.18902198729296876,-0.12376981784288588,-0.11975303710472059,-0.14176451610439014,-0.1383188980972646,-0.18433707326652513,-0.14075597768410064,10.204369863299503,-0.1672611982768258,-0.19860344618907771,-0.1693047839573925,-0.13158645471531422,-0.17668164939273,-0.13919579876322133,-0.14709173737707293,-0.7057611914207166,-0.7098005310600505,-0.7342087577794206,-0.40703866324070626,2.1147629234082532,-0.07142857142857141
-0.16419192091412277,1.6350971322179662,0.15892678825491086,1,-0.16310736745339036,-0.13931051669133637,-0.1210670106393374,-0.272459848482082,-0.12966864900119177,-0.12287727480484516,-0.13995608007414,-0.21168593274693365,3.9855551477037903,-0.12105787008520184,-0.12327961953131979,-0.2088061612768204,-0.19422494769103033,2.8554359370323543,4.943561765442761,-0.2105204446279263,-0.16997253180875135,-0.3549270491056286,-0.25166069244323896,-0.23323454718310543,-0.14228523046311664,-0.21343818702673792,-0.12061405322841329,-0.12265708933638197,-0.1325797733810791,-0.12343820641128608,-0.23648872017105496,-0.15675027022208035,-0.14935081199355485,-0.13311268828430547,-0.17338753590073486,-0.17117580690686846,-0.1608337587402006,-0.1230760537534676,-0.12394315997305108,-0.18902198729296876,-0.12376981784288588,-0.11975303710472059,-0.14176451610439014,-0.1383188980972646,-0.18433707326652513,5.2686928575938605,-0.12094506751954037,4.341948766969,-0.19860344618907771,-0.1693047839573925,-0.13158645471531422,-0.17668164939273,-0.13919579876322133,-0.14709173737707293,1.4169098728522782,-0.7098005310600505,1.3620104492139977,-0.40703866324070626,-0.47286624374346037,-0.07142857142857141
-0.5138763362664426,-1.128644910226816,-0.5304363813498765,0,-0.16310736745339036,-0.13931051669133637,-0.1210670106393374,-0.272459848482082,-0.12966864900119177,-0.12287727480484516,-0.13995608007414,-0.21168593274693365,-0.13689135113075995,-0.12105787008520184,-0.12327961953131979,-0.2088061612768204,-0.19422494769103033,-0.19092787918044743,-0.138589789677694,-0.2105204446279263,-0.16997253180875135,1.4500503373947258,-0.25166069244323896,-0.23323454718310543,-0.14228523046311664,-0.21343818702673792,-0.12061405322841329,-0.12265708933638197,-0.1325797733810791,-0.12343820641128608,-0.23648872017105496,-0.15675027022208035,-0.14935081199355485,-0.13311268828430547,-0.17338753590073486,-0.17117580690686846,5.883403229845118,-0.1230760537534676,-0.12394315997305108,-0.18902198729296876,-0.12376981784288588,-0.11975303710472059,-0.14176451610439014,-0.1383188980972646,-0.18433707326652513,-0.14075597768410064,-0.12094506751954037,6.43455324932198,-0.19860344618907771,-0.1693047839573925,-0.13158645471531422,-0.17668164939273,-0.13919579876322133,-0.14709173737707293,-0.7057611914207166,1.408846508619191,-0.7342087577794206,-0.40703866324070626,2.1147629234082532,-0.07142857142857141
0.8848613251428366,-1.4050191144712942,0.04403292665411297,2,-0.16310736745339036,-0.13931051669133637,-0.1210670106393374,-0.272459848482082,-0.12966864900119177,-0.12287727480484516,-0.13995608007414,-0.21168593274693365,-0.13689135113075995,-0.12105787008520184,-0.12327961953131979,-0.2088061612768204,-0.19422494769103033,-0.19092787918044743,-0.138589789677694,-0.2105204446279263,-0.16997253180875135,-0.3549270491056286,-0.25166069244323896,-0.23323454718310543,-0.14228523046311664,-0.21343818702673792,-0.12061405322841329,-0.12265708933638197,-0.1325797733810791,-0.12343820641128608,-0.23648872017105496,6.98600478364886,-0.14935081199355485,-0.13311268828430547,-0.17338753590073486,-0.17117580690686846,-0.1608337587402006,-0.1230760537534676,-0.12394315997305108,-0.18902198729296876,-0.12376981784288588,-0.11975303710472059,-0.14176451610439014,-0.1383188980972646,-0.18433707326652513,-0.14075597768410064,-0.12094506751954037,-0.1672611982768258,-0.19860344618907771,-0.1693047839573925,-0.13158645471531422,-0.17668164939273,-0.13919579876322133,-0.14709173737707293,1.4169098728522782,-0.7098005310600505,-0.7342087577794206,-0.40703866324070626,2.1147629234082532,-0.07142857142857141
0.18549249443819701,1.6350971322179662,-1.4495872741562597,2,-0.16310736745339036,-0.13931051669133637,-0.1210670106393374,-0.272459848482082,-0.12966864900119177,-0.12287727480484516,-0.13995608007414,-0.21168593274693365,-0.13689135113075995,-0.12105787008520184,-0.12327961953131979,-0.2088061612768204,-0.19422494769103033,-0.19092787918044743,-0.138589789677694,-0.2105204446279263,-0.16997253180875135,-0.3549270491056286,-0.25166069244323896,-0.23323454718310543,-0.14228523046311664,-0.21343818702673792,-0.12061405322841329,-0.12265708933638197,-0.1325797733810791,-0.12343820641128608,-0.23648872017105496,-0.15675027022208035,-0.14935081199355485,-0.13311268828430547,-0.17338753590073486,-0.17117580690686846,-0.1608337587402006,-0.1230760537534676,-0.12394315997305108,7.913718969163362,-0.12376981784288588,-0.11975303710472059,-0.14176451610439014,-0.1383188980972646,-0.18433707326652513,-0.14075597768410064,-0.12094506751954037,-0.1672611982768258,-0.19860344618907771,-0.1693047839573925,-0.13158645471531422,-0.17668164939273,-0.13919579876322133,-0.14709173737707293,-0.7057611914207166,1.408846508619191,1.3620104492139977,-0.40703866324070626,-0.47286624374346037,-0.07142857142857141
0.8848613251428366,-1.128644910226816,0.8482899578596982,1,-0.16310736745339036,-0.13931051669133637,-0.1210670106393374,-0.272459848482082,-0.12966864900119177,-0.12287727480484516,-0.13995608007414,-0.21168593274693365,-0.13689135113075995,-0.12105787008520184,-0.12327961953131979,-0.2088061612768204,-0.19422494769103033,-0.19092787918044743,-0.138589789677694,-0.2105204446279263,-0.16997253180875135,-0.3549270491056286,-0.25166069244323896,-0.23323454718310543,-0.14228523046311664,-0.21343818702673792,-0.12061405322841329,-0.12265708933638197,-0.1325797733810791,-0.12343820641128608,-0.23648872017105496,-0.15675027022208035,-0.14935081199355485,-0.13311268828430547,-0.17338753590073486,-0.17117580690686846,-0.1608337587402006,-0.1230760537534676,-0.12394315997305108,-0.18902198729296876,-0.12376981784288588,-0.11975303710472059,-0.14176451610439014,-0.1383188980972646,-0.18433707326652513,-0.14075597768410064,-0.12094506751954037,-0.1672611982768258,-0.19860344618907771,-0.1693047839573925,-0.13158645471531422,7.993135152402496,-0.13919579876322133,-0.14709173737707293,-0.7057611914207166,1.408846508619191,1.3620104492139977,-0.40703866324070626,-0.47286624374346037,-0.07142857142857141
0.8848613251428366,0.5296003152400534,1.6525469890652835,2,6.0262041495815435,-0.13931051669133637,-0.1210670106393374,3.7139567337747037,-0.12966864900119177,-0.12287727480484516,-0.13995608007414,-0.21168593274693365,-0.13689135113075995,-0.12105787008520184,-0.12327961953131979,-0.2088061612768204,-0.19422494769103033,-0.19092787918044743,-0.138589789677694,-0.2105204446279263,-0.16997253180875135,-0.3549270491056286,-0.25166069244323896,-0.23323454718310543,-0.14228523046311664,-0.21343818702673792,-0.12061405322841329,-0.12265708933638197,-0.1325797733810791,-0.12343820641128608,-0.23648872017105496,-0.15675027022208035,-0.14935081199355485,-0.13311268828430547,-0.17338753590073486,-0.17117580690686846,-0.1608337587402006,-0.1230760537534676,-0.12394315997305108,-0.18902198729296876,-0.12376981784288588,-0.11975303710472059,-0.14176451610439014,-0.1383188980972646,-0.18433707326652513,-0.14075597768410064,-0.12094506751954037,-0.1672611982768258,-0.19860344618907771,-0.1693047839573925,-0.13158645471531422,-0.17668164939273,-0.13919579876322133,-0.14709173737707293,-0.7057611914207166,-0.7098005310600505,-0.7342087577794206,-0.40703866324070626,-0.47286624374346037,-0.07142857142857141
0.8848613251428366,-1.4050191144712942,1.4227592658636876,1,-0.16310736745339036,-0.13931051669133637,-0.1210670106393374,-0.272459848482082,9.272619299445731,-0.12287727480484516,-0.13995608007414,-0.21168593274693365,-0.13689135113075995,-0.12105787008520184,-0.12327961953131979,-0.2088061612768204,-0.19422494769103033,-0.19092787918044743,-0.138589789677694,-0.2105204446279263,-0.16997253180875135,-0.3549270491056286,-0.25166069244323896,-0.23323454718310543,-0.14228523046311664,-0.21343818702673792,-0.12061405322841329,-0.12265708933638197,-0.1325797733810791,-0.12343820641128608,-0.23648872017105496,-0.15675027022208035,-0.14935081199355485,-0.13311268828430547,-0.17338753590073486,-0.17117580690686846,-0.1608337587402006,-0.1230760537534676,-0.12394315997305108,-0.18902198729296876,-0.12376981784288588,-0.11975303710472059,-0.14176451610439014,-0.1383188980972646,-0.18433707326652513,-0.14075597768410064,-0.12094506751954037,-0.1672611982768258,-0.19860344618907771,-0.1693047839573925,-0.13158645471531422,-0.17668164939273,-0.13919579876322133,-0.14709173737707293,1.4169098728522782,-0.7098005310600505,-0.7342087577794206,-0.40703866324070626,2.1147629234082532,-0.07142857142857141
0.8848613251428366,0.8059745194845316,0.5036083730573045,2,-0.16310736745339036,-0.13931051669133637,-0.1210670106393374,1.7695367349111322,-0.12966864900119177,-0.12287727480484516,-0.13995608007414,-0.21168593274693365,-0.13689135113075995,-0.12105787008520184,-0.12327961953131979,-0.2088061612768204,-0.19422494769103033,-0.19092787918044743,-0.138589789677694,2.903266242168135,-0.16997253180875135,-0.3549270491056286,-0.25166069244323896,-0.23323454718310543,-0.14228523046311664,-0.21343818702673792,-0.12061405322841329,-0.12265708933638197,-0.1325797733810791,-0.12343820641128608,-0.23648872017105496,-0.15675027022208035,-0.14935081199355485,8.408069730880705,-0.17338753590073486,-0.17117580690686846,-0.1608337587402006,-0.1230760537534676,-0.12394315997305108,-0.18902198729296876,-0.12376981784288588,-0.11975303710472059,-0.14176451610439014,-0.1383188980972646,-0.18433707326652513,-0.14075597768410064,-0.12094506751954037,-0.1672611982768258,-0.19860344618907771,-0.1693047839573925,-0.13158645471531422,-0.17668164939273,-0.13919579876322133,-0.14709173737707293,1.4169098728522782,-0.7098005310600505,-0.7342087577794206,-0.40703866324070626,-0.47286624374346037,-0.07142857142857141
0.8848613251428366,0.8059745194845316,1.192971542662092,0,-0.16310736745339036,-0.13931051669133637,-0.1210670106393374,-0.272459848482082,-0.12966864900119177,-0.12287727480484516,-0.13995608007414,-0.21168593274693365,8.75949390740269,-0.12105787008520184,-0.12327961953131979,-0.2088061612768204,-0.19422494769103033,-0.19092787918044743,-0.138589789677694,-0.2105204446279263,-0.16997253180875135,-0.3549270491056286,-0.25166069244323896,-0.23323454718310543,-0.14228523046311664,-0.21343818702673792,-0.12061405322841329,-0.12265708933638197,-0.1325797733810791,-0.12343820641128608,-0.23648872017105496,-0.15675027022208035,-0.14935081199355485,-0.13311268828430547,-0.17338753590073486,-0.17117580690686846,-0.1608337587402006,-0.1230760537534676,-0.12394315997305108,-0.18902198729296876,-0.12376981784288588,-0.11975303710472059,-0.14176451610439014,-0.1383188980972646,-0.18433707326652513,-0.14075597768410064,-0.12094506751954037,-0.1672611982768258,-0.19860344618907771,-0.1693047839573925,-0.13158645471531422,-0.17668164939273,-0.13919579876322133,-0.14709173737707293,-0.7057611914207166,-0.7098005310600505,-0.7342087577794206,-0.40703866324070626,-0.47286624374346037,-0.07142857142857141
0.8848613251428366,-0.023148093248903084,-0.9900118277530681,2,-0.16310736745339036,-0.13931051669133637,-0.1210670106393374,-0.272459848482082,-0.12966864900119177,-0.12287727480484516,-0.13995608007414,-0.21168593274693365,-0.13689135113075995,-0.12105787008520184,-0.12327961953131979,-0.2088061612768204,-0.19422494769103033,-0.19092787918044743,4.977698197802749,3.1839557521715354,-0.16997253180875135,-0.3549270491056286,-0.25166069244323896,-0.23323454718310543,-0.14228523046311664,-0.21343818702673792,-0.12061405322841329,-0.12265708933638197,-0.1325797733810791,-0.12343820641128608,-0.23648872017105496,-0.15675027022208035,-0.14935081199355485,-0.13311268828430547,-0.17338753590073486,-0.17117580690686846,3.995266339058677,-0.1230760537534676,-0.12394315997305108,-0.18902198729296876,-0.12376981784288588,-0.11975303710472059,-0.14176451610439014,-0.1383188980972646,-0.18433707326652513,5.305027721335622,-0.12094506751954037,-0.1672611982768258,-0.19860344618907771,-0.1693047839573925,-0.13158645471531422,-0.17668164939273,4.231464459170869,-0.14709173737707293,-0.7057611914207166,-0.7098005310600505,-0.7342087577794206,-0.40703866324070626,-0.47286624374346037,-0.07142857142857141
0.8848613251428366,0.2532261109955751,-0.4155425197490786,1,-0.16310736745339036,-0.13931051669133637,-0.1210670106393374,-0.272459848482082,-0.12966864900119177,-0.12287727480484516,-0.13995608007414,-0.21168593274693365,-0.13689135113075995,-0.12105787008520184,-0.12327961953131979,-0.2088061612768204,-0.19422494769103033,4.6772246088368785,-0.138589789677694,-0.2105204446279263,-0.16997253180875135,-0.3549270491056286,-0.25166069244323896,-0.23323454718310543,-0.14228523046311664,-0.21343818702673792,-0.12061405322841329,-0.12265708933638197,-0.1325797733810791,-0.12343820641128608,-0.23648872017105496,-0.15675027022208035,-0.14935081199355485,-0.13311268828430547,-0.17338753590073486,-0.17117580690686846,-0.1608337587402006,-0.1230760537534676,-0.12394315997305108,-0.18902198729296876,-0.12376981784288588,-0.11975303710472059,-0.14176451610439014,-0.1383188980972646,-0.18433707326652513,-0.14075597768410064,-0.12094506751954037,-0.1672611982768258,-0.19860344618907771,-0.1693047839573925,7.509263759060768,-0.17668164939273,-0.13919579876322133,-0.14709173737707293,1.4169098728522782,-0.7098005310600505,1.3620104492139977,-0.40703866324070626,-0.47286624374346037,-0.07142857142857141
0.8848613251428366,-1.128644910226816,0.9631838194604961,1,-0.16310736745339036,-0.13931051669133637,-0.1210670106393374,-0.272459848482082,-0.12966864900119177,-0.12287727480484516,-0.13995608007414,-0.21168593274693365,-0.13689135113075995,-0.12105787008520184,-0.12327961953131979,-0.2088061612768204,-0.19422494769103033,-0.19092787918044743,-0.138589789677694,-0.2105204446279263,-0.16997253180875135,-0.3549270491056286,-0.25166069244323896,-0.23323454718310543,-0.14228523046311664,-0.21343818702673792,-0.12061405322841329,-0.12265708933638197,-0.1325797733810791,-0.12343820641128608,-0.23648872017105496,-0.15675027022208035,-0.14935081199355485,-0.13311268828430547,-0.17338753590073486,-0.17117580690686846,-0.1608337587402006,-0.1230760537534676,-0.12394315997305108,-0.18902198729296876,-0.12376981784288588,-0.11975303710472059,-0.14176451610439014,-0.1383188980972646,-0.18433707326652513,-0.14075597768410064,-0.12094506751954037,-0.1672611982768258,-0.19860344618907771,-0.1693047839573925,-0.13158645471531422,-0.17668164939273,-0.13919579876322133,-0.14709173737707293,-0.7057611914207166,-0.7098005310600505,-0.7342087577794206,-0.40703866324070626,2.1147629234082532,-0.07142857142857141
-0.5138763362664426,-0.8522707059823377,1.4227592658636876,0,-0.16310736745339036,-0.13931051669133637,-0.1210670106393374,-0.272459848482082,-0.12966864900119177,-0.12287727480484516,-0.13995608007414,-0.21168593274693365,-0.13689135113075995,-0.12105787008520184,-0.12327961953131979,-0.2088061612768204,-0.19422494769103033,-0.19092787918044743,-0.138589789677694,-0.2105204446279263,-0.16997253180875135,-0.3549270491056286,5.857245973930547,-0.23323454718310543,-0.14228523046311664,-0.21343818702673792,-0.12061405322841329,-0.12265708933638197,-0.1325797733810791,-0.12343820641128608,-0.23648872017105496,-0.15675027022208035,-0.14935081199355485,-0.13311268828430547,-0.17338753590073486,-0.17117580690686846,-0.1608337587402006,-0.1230760537534676,-0.12394315997305108,-0.18902198729296876,-0.12376981784288588,-0.11975303710472059,-0.14176451610439014,-0.1383188980972646,-0.18433707326652513,-0.14075597768410064,-0.12094506751954037,-0.1672611982768258,-0.19860344618907771,-0.1693047839573925,-0.13158645471531422,-0.17668164939273,-0.13919579876322133,-0.14709173737707293,1.4169098728522782,-0.7098005310600505,-0.7342087577794206,-0.40703866324070626,-0.47286624374346037,-0.07142857142857141
-0.8635607516187623,-0.8522707059823377,-0.07086093494668493,0,-0.16310736745339036,-0.13931051669133637,-0.1210670106393374,-0.272459848482082,-0.12966864900119177,-0.12287727480484516,-0.13995608007414,2.4587445802041263,4.303686298565168,-0.12105787008520184,-0.12327961953131979,-0.2088061612768204,-0.19422494769103033,-0.19092787918044743,-0.138589789677694,-0.2105204446279263,-0.16997253180875135,-0.3549270491056286,-0.25166069244323896,-0.23323454718310543,-0.14228523046311664,2.416364715622057,-0.12061405322841329,-0.12265708933638197,-0.1325797733810791,-0.12343820641128608,-0.23648872017105496,-0.15675027022208035,-0.14935081199355485,-0.13311268828430547,-0.17338753590073486,-0.17117580690686846,-0.1608337587402006,-0.1230760537534676,-0.12394315997305108,3.368757117807987,-0.12376981784288588,-0.11975303710472059,-0.14176451610439014,-0.1383188980972646,-0.18433707326652513,-0.14075597768410064,-0.12094506751954037,-0.1672611982768258,-0.19860344618907771,3.910246047372356,-0.13158645471531422,-0.17668164939273,-0.13919579876322133,-0.14709173737707293,1.4169098728522782,-0.7098005310600505,-0.7342087577794206,-0.40703866324070626,-0.47286624374346037,-0.07142857142857141
-0.5138763362664426,1.358722927973488,0.27382064985570875,0,-0.16310736745339036,-0.13931051669133637,-0.1210670106393374,-0.272459848482082,-0.12966864900119177,-0.12287727480484516,-0.13995608007414,-0.21168593274693365,-0.13689135113075995,-0.12105787008520184,-0.12327961953131979,-0.2088061612768204,-0.19422494769103033,-0.19092787918044743,-0.138589789677694,-0.2105204446279263,-0.16997253180875135,3.8201571530217064,-0.25166069244323896,-0.23323454718310543,-0.14228523046311664,-0.21343818702673792,-0.12061405322841329,-0.12265708933638197,-0.1325797733810791,-0.12343820641128608,-0.23648872017105496,-0.15675027022208035,-0.14935081199355485,-0.13311268828430547,-0.17338753590073486,-0.17117580690686846,-0.1608337587402006,-0.1230760537534676,-0.12394315997305108,-0.18902198729296876,-0.12376981784288588,-0.11975303710472059,-0.14176451610439014,-0.1383188980972646,-0.18433707326652513,-0.14075597768410064,-0.12094506751954037,-0.1672611982768258,-0.19860344618907771,-0.1693047839573925,-0.13158645471531422,-0.17668164939273,-0.13919579876322133,-0.14709173737707293,1.4169098728522782,-0.7098005310600505,1.3620104492139977,-0.40703866324070626,-0.47286624374346037,-0.07142857142857141
0.8848613251428366,1.0823487237290097,-0.1857547965474828,2,-0.16310736745339036,-0.13931051669133637,-0.1210670106393374,-0.272459848482082,-0.12966864900119177,-0.12287727480484516,-0.13995608007414,-0.21168593274693365,-0.13689135113075995,-0.12105787008520184,-0.12327961953131979,-0.2088061612768204,4.400415859512123,4.539325236118048,-0.138589789677694,-0.2105204446279263,-0.16997253180875135,1.5593796611736463,-0.25166069244323896,-0.23323454718310543,-0.14228523046311664,-0.21343818702673792,-0.12061405322841329,-0.12265708933638197,-0.1325797733810791,-0.12343820641128608,-0.23648872017105496,-0.15675027022208035,-0.14935081199355485,-0.13311268828430547,-0.17338753590073486,-0.17117580690686846,-0.1608337587402006,-0.1230760537534676,-0.12394315997305108,-0.18902198729296876,-0.12376981784288588,-0.11975303710472059,-0.14176451610439014,-0.1383188980972646,-0.18433707326652513,-0.14075597768410064,-0.12094506751954037,-0.1672611982768258,-0.19860344618907771,-0.1693047839573925,-0.13158645471531422,-0.17668164939273,-0.13919579876322133,-0.14709173737707293,-0.7057611914207166,-0.7098005310600505,-0.7342087577794206,-0.40703866324070626,2.1147629234082532,-0.07142857142857141
-0.8635607516187623,0.8059745194845316,0.7333960962589003,1,-0.16310736745339036,-0.13931051669133637,-0.1210670106393374,2.2120177416266795,-0.12966864900119177,-0.12287727480484516,-0.13995608007414,-0.21168593274693365,-0.13689135113075995,-0.12105787008520184,-0.12327961953131979,3.0715935337204074,-0.19422494769103033,-0.19092787918044743,-0.138589789677694,-0.2105204446279263,-0.16997253180875135,-0.3549270491056286,-0.25166069244323896,-0.23323454718310543,-0.14228523046311664,-0.21343818702673792,-0.12061405322841329,-0.12265708933638197,-0.1325797733810791,-0.12343820641128608,-0.23648872017105496,-0.15675027022208035,-0.14935081199355485,-0.13311268828430547,-0.17338753590073486,-0.17117580690686846,-0.1608337587402006,-0.1230760537534676,-0.12394315997305108,-0.18902198729296876,-0.12376981784288588,-0.11975303710472059,-0.14176451610439014,-0.1383188980972646,-0.18433707326652513,-0.14075597768410064,-0.12094506751954037,-0.1672611982768258,3.033502050345537,4.086007537382065,-0.13158645471531422,3.683885029993705,-0.13919579876322133,-0.14709173737707293,-0.7057611914207166,-0.7098005310600505,-0.7342087577794206,-0.40703866324070626,2.1147629234082532,-0.07142857142857141
0.8848613251428366,-1.128644910226816,1.4227592658636876,1,-0.16310736745339036,-0.13931051669133637,-0.1210670106393374,-0.272459848482082,-0.12966864900119177,-0.12287727480484516,-0.13995608007414,-0.21168593274693365,-0.13689135113075995,-0.12105787008520184,-0.12327961953131979,-0.2088061612768204,-0.19422494769103033,-0.19092787918044743,-0.138589789677694,-0.2105204446279263,-0.16997253180875135,-0.3549270491056286,-0.25166069244323896,-0.23323454718310543,-0.14228523046311664,-0.21343818702673792,-0.12061405322841329,6.930340299011806,-0.1325797733810791,-0.12343820641128608,-0.23648872017105496,-0.15675027022208035,-0.14935081199355485,-0.13311268828430547,-0.17338753590073486,-0.17117580690686846,-0.1608337587402006,-0.1230760537534676,-0.12394315997305108,-0.18902198729296876,-0.12376981784288588,-0.11975303710472059,-0.14176451610439014,-0.1383188980972646,-0.18433707326652513,-0.14075597768410064,-0.12094506751954037,-0.1672611982768258,-0.19860344618907771,-0.1693047839573925,-0.13158645471531422,5.158460386489026,-0.13919579876322133,-0.14709173737707293,1.4169098728522782,-0.7098005310600505,-0.7342087577794206,2.456769074559977,-0.47286624374346037,-0.07142857142857141
0.5351769097905168,0.8059745194845316,-0.07086093494668493,0,-0.16310736745339036,-0.13931051669133637,-0.1210670106393374,-0.272459848482082,-0.12966864900119177,7.599586103103857,-0.13995608007414,-0.21168593274693365,-0.13689135113075995,-0.12105787008520184,-0.12327961953131979,-0.2088061612768204,-0.19422494769103033,-0.19092787918044743,-0.138589789677694,-0.2105204446279263,-0.16997253180875135,-0.3549270491056286,-0.25166069244323896,-0.23323454718310543,-0.14228523046311664,-0.21343818702673792,-0.12061405322841329,-0.12265708933638197,-0.1325797733810791,-0.12343820641128608,-0.23648872017105496,-0.15675027022208035,-0.14935081199355485,-0.13311268828430547,-0.17338753590073486,-0.17117580690686846,-0.1608337587402006,-0.1230760537534676,7.463537740784943,-0.18902198729296876,-0.12376981784288588,-0.11975303710472059,-0.14176451610439014,-0.1383188980972646,-0.18433707326652513,-0.14075597768410064,-0.12094506751954037,-0.1672611982768258,-0.19860344618907771,-0.1693047839573925,-0.13158645471531422,4.0764184698886545,-0.13919579876322133,-0.14709173737707293,1.4169098728522782,-0.7098005310600505,1.3620104492139977,-0.40703866324070626,-0.47286624374346037,-0.07142857142857141
0.18549249443819701,-1.4050191144712942,-0.07086093494668493,1,-0.16310736745339036,-0.13931051669133637,-0.1210670106393374,3.910697614479293,-0.12966864900119177,-0.12287727480484516,-0.13995608007414,-0.21168593274693365,-0.13689135113075995,-0.12105787008520184,-0.12327961953131979,-0.2088061612768204,-0.19422494769103033,-0.19092787918044743,-0.138589789677694,-0.2105204446279263,-0.16997253180875135,-0.3549270491056286,-0.25166069244323896,-0.23323454718310543,-0.14228523046311664,-0.21343818702673792,-0.12061405322841329,-0.12265708933638197,-0.1325797733810791,-0.12343820641128608,-0.23648872017105496,-0.15675027022208035,-0.14935081199355485,-0.13311268828430547,-0.17338753590073486,-0.17117580690686846,-0.1608337587402006,-0.1230760537534676,-0.12394315997305108,-0.18902198729296876,-0.12376981784288588,-0.11975303710472059,-0.14176451610439014,-0.1383188980972646,-0.18433707326652513,-0.14075597768410064,-0.12094506751954037,-0.1672611982768258,5.243347925292352,-0.1693047839573925,-0.13158645471531422,-0.17668164939273,-0.13919579876322133,-0.14709173737707293,-0.7057611914207166,-0.7098005310600505,1.3620104492139977,-0.40703866324070626,-0.47286624374346037,-0.07142857142857141
-0.16419192091412277,0.5296003152400534,0.5036083730573045,1,-0.16310736745339036,-0.13931051669133637,-0.1210670106393374,-0.272459848482082,-0.12966864900119177,-0.12287727480484516,-0.13995608007414,-0.21168593274693365,-0.13689135113075995,-0.12105787008520184,-0.12327961953131979,-0.2088061612768204,-0.19422494769103033,-0.19092787918044743,-0.138589789677694,-0.2105204446279263,-0.16997253180875135,-0.3549270491056286,-0.25166069244323896,-0.23323454718310543,-0.14228523046311664,-0.21343818702673792,-0.12061405322841329,-0.12265708933638197,-0.1325797733810791,-0.12343820641128608,-0.23648872017105496,-0.15675027022208035,-0.14935081199355485,-0.13311268828430547,3.5698312308266917,4.225197927100362,-0.1608337587402006,-0.1230760537534676,-0.12394315997305108,-0.18902198729296876,-0.12376981784288588,-0.11975303710472059,-0.14176451610439014,-0.1383188980972646,-0.18433707326652513,6.958141651795373,-0.12094506751954037,-0.1672611982768258,-0.19860344618907771,-0.1693047839573925,-0.13158645471531422,-0.17668164939273,-0.13919579876322133,-0.14709173737707293,-0.7057611914207166,-0.7098005310600505,-0.7342087577794206,-0.40703866324070626,-0.47286624374346037,-0.07142857142857141
-1.562929582323402,0.2532261109955751,-1.6793749973578553,1,-0.16310736745339036,-0.13931051669133637,-0.1210670106393374,-0.272459848482082,-0.12966864900119177,-0.12287727480484516,-0.13995608007414,-0.21168593274693365,-0.13689135113075995,-0.12105787008520184,-0.12327961953131979,-0.2088061612768204,-0.19422494769103033,-0.19092787918044743,-0.138589789677694,-0.2105204446279263,-0.16997253180875135,-0.3549270491056286,-0.25166069244323896,-0.23323454718310543,-0.14228523046311664,-0.21343818702673792,-0.12061405322841329,-0.12265708933638197,-0.1325797733810791,-0.12343820641128608,-0.23648872017105496,-0.15675027022208035,-0.14935081199355485,-0.13311268828430547,-0.17338753590073486,-0.17117580690686846,-0.1608337587402006,-0.1230760537534676,-0.12394315997305108,-0.18902198729296876,-0.12376981784288588,-0.11975303710472059,-0.14176451610439014,-0.1383188980972646,-0.18433707326652513,-0.14075597768410064,-0.12094506751954037,-0.1672611982768258,-0.19860344618907771,-0.1693047839573925,-0.13158645471531422,-0.17668164939273,-0.13919579876322133,-0.14709173737707293,-0.7057611914207166,-0.7098005310600505,-0.7342087577794206,-0.40703866324070626,-0.47286624374346037,-0.07142857142857141
0.8848613251428366,-0.023148093248903084,-0.5304363813498765,0,-0.16310736745339036,-0.13931051669133637,-0.1210670106393374,-0.272459848482082,-0.12966864900119177,-0.12287727480484516,-0.13995608007414,-0.21168593274693365,-0.13689135113075995,-0.12105787008520184,-0.12327961953131979,-0.2088061612768204,-0.19422494769103033,-0.19092787918044743,-0.138589789677694,-0.2105204446279263,-0.16997253180875135,-0.3549270491056286,-0.25166069244323896,-0.23323454718310543,-0.14228523046311664,-0.21343818702673792,-0.12061405322841329,-0.12265708933638197,-0.1325797733810791,-0.12343820641128608,-0.23648872017105496,-0.15675027022208035,-0.14935081199355485,-0.13311268828430547,-0.17338753590073486,-0.17117580690686846,-0.1608337587402006,-0.1230760537534676,-0.12394315997305108,-0.18902198729296876,-0.12376981784288588,-0.11975303710472059,8.455395948950503,-0.1383188980972646,-0.18433707326652513,-0.14075597768410064,-0.12094506751954037,-0.1672611982768258,-0.19860344618907771,-0.1693047839573925,-0.13158645471531422,-0.17668164939273,-0.13919579876322133,-0.14709173737707293,-0.7057611914207166,-0.7098005310600505,-0.7342087577794206,-0.40703866324070626,-0.47286624374346037,-0.07142857142857141
-1.9126139976757217,0.8059745194845316,-1.6793749973578553,0,-0.16310736745339036,-0.13931051669133637,-0.1210670106393374,-0.272459848482082,-0.12966864900119177,-0.12287727480484516,-0.13995608007414,-0.21168593274693365,-0.13689135113075995,-0.12105787008520184,-0.12327961953131979,-0.2088061612768204,-0.19422494769103033,-0.19092787918044743,-0.138589789677694,-0.2105204446279263,-0.16997253180875135,3.8201571530217064,-0.25166069244323896,-0.23323454718310543,-0.14228523046311664,-0.21343818702673792,-0.12061405322841329,-0.12265708933638197,-0.1325797733810791,-0.12343820641128608,-0.23648872017105496,-0.15675027022208035,-0.14935081199355485,-0.13311268828430547,-0.17338753590073486,-0.17117580690686846,-0.1608337587402006,-0.1230760537534676,-0.12394315997305108,-0.18902198729296876,-0.12376981784288588,-0.11975303710472059,-0.14176451610439014,-0.1383188980972646,-0.18433707326652513,-0.14075597768410064,-0.12094506751954037,-0.1672611982768258,-0.19860344618907771,-0.1693047839573925,-0.13158645471531422,-0.17668164939273,-0.13919579876322133,-0.14709173737707293,-0.7057611914207166,-0.7098005310600505,1.3620104492139977,-0.40703866324070626,-0.47286624374346037,-0.07142857142857141
0.8848613251428366,0.8059745194845316,-0.7602241045514723,1,4.206791599587265,-0.13931051669133637,-0.1210670106393374,-0.272459848482082,-0.12966864900119177,-0.12287727480484516,-0.13995608007414,-0.21168593274693365,-0.13689135113075995,-0.12105787008520184,-0.12327961953131979,-0.2088061612768204,-0.19422494769103033,-0.19092787918044743,-0.138589789677694,-0.2105204446279263,-0.16997253180875135,-0.3549270491056286,-0.25166069244323896,-0.23323454718310543,-0.14228523046311664,-0.21343818702673792,-0.12061405322841329,-0.12265708933638197,-0.1325797733810791,-0.12343820641128608,-0.23648872017105496,-0.15675027022208035,-0.14935081199355485,-0.13311268828430547,-0.17338753590073486,-0.17117580690686846,5.093997956869803,-0.1230760537534676,-0.12394315997305108,-0.18902198729296876,8.00253588347207,-0.11975303710472059,-0.14176451610439014,-0.1383188980972646,-0.18433707326652513,-0.14075597768410064,-0.12094506751954037,-0.1672611982768258,-0.19860344618907771,-0.1693047839573925,-0.13158645471531422,-0.17668164939273,-0.13919579876322133,-0.14709173737707293,1.4169098728522782,-0.7098005310600505,1.3620104492139977,-0.40703866324070626,-0.47286624374346037,-0.07142857142857141
-0.8635607516187623,-0.2995222974933813,1.4227592658636876,2,4.505626954122234,-0.13931051669133637,-0.1210670106393374,-0.272459848482082,-0.12966864900119177,-0.12287727480484516,-0.13995608007414,-0.21168593274693365,-0.13689135113075995,-0.12105787008520184,-0.12327961953131979,-0.2088061612768204,-0.19422494769103033,-0.19092787918044743,-0.138589789677694,-0.2105204446279263,-0.16997253180875135,-0.3549270491056286,-0.25166069244323896,-0.23323454718310543,-0.14228523046311664,-0.21343818702673792,-0.12061405322841329,-0.12265708933638197,-0.1325797733810791,-0.12343820641128608,-0.23648872017105496,-0.15675027022208035,-0.14935081199355485,-0.13311268828430547,-0.17338753590073486,-0.17117580690686846,-0.1608337587402006,-0.1230760537534676,-0.12394315997305108,-0.18902198729296876,-0.12376981784288588,-0.11975303710472059,-0.14176451610439014,-0.1383188980972646,-0.18433707326652513,-0.14075597768410064,-0.12094506751954037,5.964827195467988,3.7133163625693,-0.1693047839573925,-0.13158645471531422,-0.17668164939273,-0.13919579876322133,-0.14709173737707293,-0.7057611914207166,-0.7098005310600505,-0.7342087577794206,-0.40703866324070626,-0.47286624374346037,-0.07142857142857141
-1.2132451669710822,0.5296003152400534,1.4227592658636876,1,-0.16310736745339036,-0.13931051669133637,-0.1210670106393374,-0.272459848482082,-0.12966864900119177,-0.12287727480484516,-0.13995608007414,-0.21168593274693365,-0.13689135113075995,-0.12105787008520184,-0.12327961953131979,-0.2088061612768204,-0.19422494769103033,-0.19092787918044743,-0.138589789677694,-0.2105204446279263,-0.16997253180875135,-0.3549270491056286,5.857245973930547,-0.23323454718310543,-0.14228523046311664,-0.21343818702673792,-0.12061405322841329,-0.12265708933638197,-0.1325797733810791,-0.12343820641128608,-0.23648872017105496,-0.15675027022208035,-0.14935081199355485,-0.13311268828430547,-0.17338753590073486,-0.17117580690686846,-0.1608337587402006,-0.1230760537534676,-0.12394315997305108,-0.18902198729296876,-0.12376981784288588,-0.11975303710472059,-0.14176451610439014,-0.1383188980972646,-0.18433707326652513,-0.14075597768410064,-0.12094506751954037,-0.1672611982768258,-0.19860344618907771,-0.1693047839573925,-0.13158645471531422,-0.17668164939273,-0.13919579876322133,-0.14709173737707293,1.4169098728522782,-0.7098005310600505,-0.7342087577794206,-0.40703866324070626,-0.47286624374346037,-0.07142857142857141
0.8848613251428366,-0.2995222974933813,1.4227592658636876,1,-0.16310736745339036,-0.13931051669133637,-0.1210670106393374,-0.272459848482082,-0.12966864900119177,-0.12287727480484516,-0.13995608007414,-0.21168593274693365,-0.13689135113075995,-0.12105787008520184,-0.12327961953131979,-0.2088061612768204,7.171090041993559,-0.19092787918044743,-0.138589789677694,-0.2105204446279263,-0.16997253180875135,-0.3549270491056286,-0.25166069244323896,-0.23323454718310543,-0.14228523046311664,-0.21343818702673792,-0.12061405322841329,-0.12265708933638197,-0.1325797733810791,-0.12343820641128608,-0.23648872017105496,-0.15675027022208035,-0.14935081199355485,-0.13311268828430547,-0.17338753590073486,-0.17117580690686846,-0.1608337587402006,-0.1230760537534676,-0.12394315997305108,-0.18902198729296876,-0.12376981784288588,-0.11975303710472059,-0.14176451610439014,-0.1383188980972646,-0.18433707326652513,-0.14075597768410064,-0.12094506751954037,-0.1672611982768258,-0.19860344618907771,-0.1693047839573925,-0.13158645471531422,-0.17668164939273,-0.13919579876322133,-0.14709173737707293,1.4169098728522782,-0.7098005310600505,1.3620104492139977,-0.40703866324070626,-0.47286624374346037,-0.07142857142857141
-1.9126139976757217,0.5296003152400534,0.7333960962589003,2,-0.16310736745339036,-0.13931051669133637,-0.1210670106393374,-0.272459848482082,-0.12966864900119177,-0.12287727480484516,-0.13995608007414,-0.21168593274693365,-0.13689135113075995,-0.12105787008520184,-0.12327961953131979,-0.2088061612768204,4.488544070285286,-0.19092787918044743,-0.138589789677694,-0.2105204446279263,-0.16997253180875135,-0.3549270491056286,-0.25166069244323896,-0.23323454718310543,-0.14228523046311664,-0.21343818702673792,-0.12061405322841329,-0.12265708933638197,-0.1325797733810791,8.835758276836962,-0.23648872017105496,-0.15675027022208035,-0.14935081199355485,-0.13311268828430547,-0.17338753590073486,-0.17117580690686846,-0.1608337587402006,-0.1230760537534676,-0.12394315997305108,-0.18902198729296876,-0.12376981784288588,-0.11975303710472059,-0.14176451610439014,-0.1383188980972646,-0.18433707326652513,-0.14075597768410064,-0.12094506751954037,-0.1672611982768258,-0.19860344618907771,-0.1693047839573925,-0.13158645471531422,-0.17668164939273,-0.13919579876322133,-0.14709173737707293,-0.7057611914207166,-0.7098005310600505,1.3620104492139977,-0.40703866324070626,-0.47286624374346037,-0.07142857142857141
0.8848613251428366,-1.4050191144712942,0.9631838194604961,2,-0.16310736745339036,-0.13931051669133637,-0.1210670106393374,-0.272459848482082,-0.12966864900119177,-0.12287727480484516,-0.13995608007414,-0.21168593274693365,-0.13689135113075995,-0.12105787008520184,-0.12327961953131979,-0.2088061612768204,-0.19422494769103033,-0.19092787918044743,-0.138589789677694,-0.2105204446279263,-0.16997253180875135,1.5369493774566865,-0.25166069244323896,-0.23323454718310543,-0.14228523046311664,-0.21343818702673792,-0.12061405322841329,-0.12265708933638197,-0.1325797733810791,-0.12343820641128608,-0.23648872017105496,-0.15675027022208035,-0.14935081199355485,-0.13311268828430547,-0.17338753590073486,-0.17117580690686846,-0.1608337587402006,-0.1230760537534676,-0.12394315997305108,4.879465698806582,-0.12376981784288588,-0.11975303710472059,-0.14176451610439014,-0.1383188980972646,4.479506270071021,-0.14075597768410064,-0.12094506751954037,-0.1672611982768258,-0.19860344618907771,-0.1693047839573925,-0.13158645471531422,-0.17668164939273,-0.13919579876322133,-0.14709173737707293,-0.7057611914207166,1.408846508619191,-0.7342087577794206,2.456769074559977,-0.47286624374346037,-0.07142857142857141
0.18549249443819701,-1.128644910226816,1.078077681061294,0,-0.16310736745339036,-0.13931051669133637,-0.1210670106393374,-0.272459848482082,-0.12966864900119177,-0.12287727480484516,-0.13995608007414,-0.21168593274693365,-0.13689135113075995,-0.12105787008520184,-0.12327961953131979,7.2587172454688735,-0.19422494769103033,-0.19092787918044743,-0.138589789677694,-0.2105204446279263,-0.16997253180875135,-0.3549270491056286,-0.25166069244323896,-0.23323454718310543,-0.14228523046311664,-0.21343818702673792,-0.12061405322841329,-0.12265708933638197,-0.1325797733810791,-0.12343820641128608,-0.23648872017105496,-0.15675027022208035,-0.14935081199355485,-0.13311268828430547,-0.17338753590073486,-0.17117580690686846,-0.1608337587402006,-0.1230760537534676,-0.12394315997305108,-0.18902198729296876,-0.12376981784288588,-0.11975303710472059,-0.14176451610439014,-0.1383188980972646,-0.18433707326652513,-0.14075597768410064,-0.12094506751954037,-0.1672611982768258,-0.19860344618907771,-0.1693047839573925,-0.13158645471531422,-0.17668164939273,-0.13919579876322133,-0.14709173737707293,-0.7057611914207166,-0.7098005310600505,1.3620104492139977,-0.40703866324070626,-0.47286624374346037,-0.07142857142857141
0.8848613251428366,-1.128644910226816,1.3078654042628897,0,-0.16310736745339036,-0.13931051669133637,-0.1210670106393374,-0.272459848482082,-0.12966864900119177,-0.12287727480484516,-0.13995608007414,-0.21168593274693365,-0.13689135113075995,-0.12105787008520184,-0.12327961953131979,-0.2088061612768204,-0.19422494769103033,-0.19092787918044743,-0.138589789677694,-0.2105204446279263,-0.16997253180875135,-0.3549270491056286,-0.25166069244323896,-0.23323454718310543,-0.14228523046311664,-0.21343818702673792,-0.12061405322841329,-0.12265708933638197,-0.1325797733810791,-0.12343820641128608,-0.23648872017105496,6.98600478364886,-0.14935081199355485,-0.13311268828430547,-0.17338753590073486,-0.17117580690686846,-0.1608337587402006,-0.1230760537534676,-0.12394315997305108,-0.18902198729296876,-0.12376981784288588,-0.11975303710472059,-0.14176451610439014,-0.1383188980972646,-0.18433707326652513,-0.14075597768410064,-0.12094506751954037,-0.1672611982768258,-0.19860344618907771,-0.1693047839573925,-0.13158645471531422,-0.17668164939273,-0.13919579876322133,-0.14709173737707293,-0.7057611914207166,1.408846508619191,1.3620104492139977,-0.40703866324070626,-0.47286624374346037,-0.07142857142857141
0.8848613251428366,-0.8522707059823377,-1.4495872741562597,1,-0.16310736745339036,-0.13931051669133637,-0.1210670106393374,-0.272459848482082,-0.12966864900119177,-0.12287727480484516,-0.13995608007414,-0.21168593274693365,-0.13689135113075995,-0.12105787008520184,-0.12327961953131979,-0.2088061612768204,-0.19422494769103033,-0.19092787918044743,-0.138589789677694,-0.2105204446279263,8.491212615574188,-0.3549270491056286,-0.25166069244323896,-0.23323454718310543,-0.14228523046311664,-0.21343818702673792,-0.12061405322841329,-0.12265708933638197,-0.1325797733810791,-0.12343820641128608,-0.23648872017105496,-0.15675027022208035,-0.14935081199355485,-0.13311268828430547,-0.17338753590073486,-0.17117580690686846,-0.1608337587402006,-0.1230760537534676,-0.12394315997305108,-0.18902198729296876,-0.12376981784288588,-0.11975303710472059,-0.14176451610439014,-0.1383188980972646,-0.18433707326652513,-0.14075597768410064,-0.12094506751954037,-0.1672611982768258,-0.19860344618907771,-0.1693047839573925,-0.13158645471531422,-0.17668164939273,-0.13919579876322133,-0.14709173737707293,-0.7057611914207166,1.408846508619191,1.3620104492139977,-0.40703866324070626,-0.47286624374346037,-0.07142857142857141
0.8848613251428366,-1.4050191144712942,1.4227592658636876,1,-0.16310736745339036,-0.13931051669133637,-0.1210670106393374,-0.272459848482082,-0.12966864900119177,-0.12287727480484516,-0.13995608007414,-0.21168593274693365,-0.13689135113075995,-0.12105787008520184,7.90810213876194,-0.2088061612768204,-0.19422494769103033,-0.19092787918044743,-0.138589789677694,-0.2105204446279263,-0.16997253180875135,-0.3549270491056286,-0.25166069244323896,-0.23323454718310543,-0.14228523046311664,-0.21343818702673792,-0.12061405322841329,-0.12265708933638197,-0.1325797733810791,-0.12343820641128608,-0.23648872017105496,-0.15675027022208035,-0.14935081199355485,-0.13311268828430547,-0.17338753590073486,-0.17117580690686846,-0.1608337587402006,-0.1230760537534676,-0.12394315997305108,-0.18902198729296876,-0.12376981784288588,-0.11975303710472059,-0.14176451610439014,-0.1383188980972646,-0.18433707326652513,-0.14075597768410064,-0.12094506751954037,-0.1672611982768258,-0.19860344618907771,-0.1693047839573925,6.892944331869288,-0.17668164939273,-0.13919579876322133,-0.14709173737707293,1.4169098728522782,-0.7098005310600505,-0.7342087577794206,-0.40703866324070626,-0.47286624374346037,-0.07142857142857141
0.8848613251428366,0.5296003152400534,-1.3346934125554617,2,-0.16310736745339036,-0.13931051669133637,-0.1210670106393374,-0.272459848482082,-0.12966864900119177,-0.12287727480484516,-0.13995608007414,-0.21168593274693365,-0.13689135113075995,-0.12105787008520184,-0.12327961953131979,-0.2088061612768204,-0.19422494769103033,-0.19092787918044743,-0.138589789677694,6.158778393035588,-0.16997253180875135,-0.3549270491056286,3.8670363629744378,-0.23323454718310543,-0.14228523046311664,-0.21343818702673792,-0.12061405322841329,-0.12265708933638197,-0.1325797733810791,-0.12343820641128608,-0.23648872017105496,-0.15675027022208035,-0.14935081199355485,-0.13311268828430547,-0.17338753590073486,-0.17117580690686846,-0.1608337587402006,-0.1230760537534676,-0.12394315997305108,-0.18902198729296876,-0.12376981784288588,-0.11975303710472059,-0.14176451610439014,-0.1383188980972646,-0.18433707326652513,-0.14075597768410064,-0.12094506751954037,-0.1672611982768258,-0.19860344618907771,-0.1693047839573925,-0.13158645471531422,-0.17668164939273,-0.13919579876322133,-0.14709173737707293,-0.7057611914207166,1.408846508619191,-0.7342087577794206,2.456769074559977,-0.47286624374346037,-0.07142857142857141
0.8848613251428366,-0.5758965017378596,-0.6453302429506743,2,-0.16310736745339036,-0.13931051669133637,-0.1210670106393374,-0.272459848482082,-0.12966864900119177,-0.12287727480484516,-0.13995608007414,-0.21168593274693365,-0.13689135113075995,-0.12105787008520184,-0.12327961953131979,-0.2088061612768204,7.171090041993559,-0.19092787918044743,-0.138589789677694,-0.2105204446279263,-0.16997253180875135,-0.3549270491056286,-0.25166069244323896,-0.23323454718310543,-0.14228523046311664,-0.21343818702673792,-0.12061405322841329,-0.12265708933638197,-0.1325797733810791,-0.12343820641128608,-0.23648872017105496,-0.15675027022208035,-0.14935081199355485,-0.13311268828430547,-0.17338753590073486,-0.17117580690686846,-0.1608337587402006,-0.1230760537534676,-0.12394315997305108,-0.18902198729296876,-0.12376981784288588,-0.11975303710472059,-0.14176451610439014,-0.1383188980972646,-0.18433707326652513,-0.14075597768410064,-0.12094506751954037,-0.1672611982768258,-0.19860344618907771,-0.1693047839573925,-0.13158645471531422,-0.17668164939273,-0.13919579876322133,-0.14709173737707293,-0.7057611914207166,1.408846508619191,-0.7342087577794206,-0.40703866324070626,-0.47286624374346037,-0.07142857142857141
0.8848613251428366,-0.023148093248903084,0.5036083730573045,0,-0.16310736745339036,-0.13931051669133637,-0.1210670106393374,2.8662862559569824,-0.12966864900119177,-0.12287727480484516,-0.13995608007414,-0.21168593274693365,-0.13689135113075995,-0.12105787008520184,-0.12327961953131979,3.9354621568064614,-0.19422494769103033,-0.19092787918044743,-0.138589789677694,-0.2105204446279263,-0.16997253180875135,-0.3549270491056286,-0.25166069244323896,-0.23323454718310543,-0.14228523046311664,-0.21343818702673792,-0.12061405322841329,-0.12265708933638197,6.166603156403133,-0.12343820641128608,-0.23648872017105496,-0.15675027022208035,-0.14935081199355485,-0.13311268828430547,-0.17338753590073486,-0.17117580690686846,-0.1608337587402006,-0.1230760537534676,-0.12394315997305108,-0.18902198729296876,-0.12376981784288588,-0.11975303710472059,-0.14176451610439014,-0.1383188980972646,-0.18433707326652513,-0.14075597768410064,-0.12094506751954037,-0.1672611982768258,-0.19860344618907771,-0.1693047839573925,-0.13158645471531422,-0.17668164939273,-0.13919579876322133,-0.14709173737707293,1.4169098728522782,-0.7098005310600505,-0.7342087577794206,-0.40703866324070626,-0.47286624374346037,-0.07142857142857141
-0.16419192091412277,-1.4050191144712942,-1.2197995509546637,2,-0.16310736745339036,-0.13931051669133637,-0.1210670106393374,-0.272459848482082,-0.12966864900119177,-0.12287727480484516,-0.13995608007414,-0.21168593274693365,-0.13689135113075995,-0.12105787008520184,-0.12327961953131979,-0.2088061612768204,-0.19422494769103033,-0.19092787918044743,-0.138589789677694,-0.2105204446279263,-0.16997253180875135,3.8201571530217064,-0.25166069244323896,-0.23323454718310543,-0.14228523046311664,-0.21343818702673792,-0.12061405322841329,-0.12265708933638197,-0.1325797733810791,-0.12343820641128608,-0.23648872017105496,-0.15675027022208035,-0.14935081199355485,-0.13311268828430547,-0.17338753590073486,-0.17117580690686846,-0.1608337587402006,-0.1230760537534676,-0.12394315997305108,-0.18902198729296876,-0.12376981784288588,-0.11975303710472059,-0.14176451610439014,-0.1383188980972646,-0.18433707326652513,-0.14075597768410064,-0.12094506751954037,-0.1672611982768258,-0.19860344618907771,-0.1693047839573925,-0.13158645471531422,-0.17668164939273,-0.13919579876322133,-0.14709173737707293,-0.7057611914207166,1.408846508619191,-0.7342087577794206,2.456769074559977,-0.47286624374346037,-0.07142857142857141
0.8848613251428366,-0.023148093248903084,-1.3346934125554617,1,-0.16310736745339036,-0.13931051669133637,-0.1210670106393374,-0.272459848482082,-0.12966864900119177,-0.12287727480484516,-0.13995608007414,-0.21168593274693365,-0.13689135113075995,-0.12105787008520184,-0.12327961953131979,-0.2088061612768204,-0.19422494769103033,-0.19092787918044743,-0.138589789677694,-0.2105204446279263,-0.16997253180875135,-0.3549270491056286,3.355954601857871,-0.23323454718310543,-0.14228523046311664,-0.21343818702673792,8.242183107720455,-0.12265708933638197,-0.1325797733810791,-0.12343820641128608,-0.23648872017105496,-0.15675027022208035,-0.14935081199355485,-0.13311268828430547,-0.17338753590073486,-0.17117580690686846,-0.1608337587402006,-0.1230760537534676,-0.12394315997305108,-0.18902198729296876,-0.12376981784288588,-0.11975303710472059,-0.14176451610439014,-0.1383188980972646,-0.18433707326652513,-0.14075597768410064,-0.12094506751954037,-0.1672611982768258,-0.19860344618907771,-0.1693047839573925,-0.13158645471531422,-0.17668164939273,-0.13919579876322133,-0.14709173737707293,-0.7057611914207166,-0.7098005310600505,-0.7342087577794206,-0.40703866324070626,-0.47286624374346037,-0.07142857142857141
0.8848613251428366,-1.4050191144712942,-0.9900118277530681,1,-0.16310736745339036,-0.13931051669133637,-0.1210670106393374,-0.272459848482082,-0.12966864900119177,-0.12287727480484516,-0.13995608007414,-0.21168593274693365,-0.13689135113075995,-0.12105787008520184,-0.12327961953131979,-0.2088061612768204,-0.19422494769103033,-0.19092787918044743,-0.138589789677694,-0.2105204446279263,-0.16997253180875135,-0.3549270491056286,-0.25166069244323896,-0.23323454718310543,-0.14228523046311664,-0.21343818702673792,-0.12061405322841329,-0.12265708933638197,-0.1325797733810791,-0.12343820641128608,-0.23648872017105496,-0.15675027022208035,-0.14935081199355485,-0.13311268828430547,-0.17338753590073486,-0.17117580690686846,-0.1608337587402006,-0.1230760537534676,-0.12394315997305108,-0.18902198729296876,-0.12376981784288588,-0.11975303710472059,-0.14176451610439014,-0.1383188980972646,-0.18433707326652513,-0.14075597768410064,-0.12094506751954037,-0.1672611982768258,-0.19860344618907771,-0.1693047839573925,-0.13158645471531422,-0.17668164939273,-0.13919579876322133,-0.14709173737707293,-0.7057611914207166,1.408846508619191,-0.7342087577794206,-0.40703866324070626,2.1147629234082532,-0.07142857142857141
-1.562929582323402,-0.5758965017378596,-0.6453302429506743,2,-0.16310736745339036,-0.13931051669133637,-0.1210670106393374,-0.272459848482082,-0.12966864900119177,-0.12287727480484516,-0.13995608007414,-0.21168593274693365,-0.13689135113075995,-0.12105787008520184,-0.12327961953131979,-0.2088061612768204,-0.19422494769103033,-0.19092787918044743,-0.138589789677694,-0.2105204446279263,-0.16997253180875135,-0.3549270491056286,-0.25166069244323896,-0.23323454718310543,-0.14228523046311664,2.4931599709530956,-0.12061405322841329,-0.12265708933638197,-0.1325797733810791,-0.12343820641128608,-0.23648872017105496,-0.15675027022208035,-0.14935081199355485,-0.13311268828430547,-0.17338753590073486,-0.17117580690686846,-0.1608337587402006,-0.1230760537534676,-0.12394315997305108,7.13432407994756,-0.12376981784288588,-0.11975303710472059,-0.14176451610439014,-0.1383188980972646,-0.18433707326652513,-0.14075597768410064,-0.12094506751954037,-0.1672611982768258,-0.19860344618907771,-0.1693047839573925,-0.13158645471531422,-0.17668164939273,-0.13919579876322133,-0.14709173737707293,1.4169098728522782,-0.7098005310600505,-0.7342087577794206,-0.40703866324070626,2.1147629234082532,-0.07142857142857141
0.8848613251428366,-1.4050191144712942,1.3078654042628897,2,-0.16310736745339036,-0.13931051669133637,-0.1210670106393374,-0.272459848482082,-0.12966864900119177,-0.12287727480484516,-0.13995608007414,-0.21168593274693365,-0.13689135113075995,5.763913549065918,-0.12327961953131979,3.186247096882389,-0.19422494769103033,-0.19092787918044743,-0.138589789677694,-0.2105204446279263,-0.16997253180875135,2.51230119824095,-0.25166069244323896,-0.23323454718310543,-0.14228523046311664,-0.21343818702673792,-0.12061405322841329,-0.12265708933638197,-0.1325797733810791,-0.12343820641128608,-0.23648872017105496,-0.15675027022208035,-0.14935081199355485,-0.13311268828430547,-0.17338753590073486,-0.17117580690686846,-0.1608337587402006,-0.1230760537534676,-0.12394315997305108,-0.18902198729296876,-0.12376981784288588,-0.11975303710472059,-0.14176451610439014,-0.1383188980972646,-0.18433707326652513,-0.14075597768410064,-0.12094506751954037,-0.1672611982768258,-0.19860344618907771,-0.1693047839573925,-0.13158645471531422,-0.17668164939273,-0.13919579876322133,-0.14709173737707293,-0.7057611914207166,1.408846508619191,-0.7342087577794206,-0.40703866324070626,2.1147629234082532,-0.07142857142857141
0.8848613251428366,-0.2995222974933813,1.6525469890652835,1,-0.16310736745339036,-0.13931051669133637,-0.1210670106393374,-0.272459848482082,-0.12966864900119177,-0.12287727480484516,-0.13995608007414,-0.21168593274693365,-0.13689135113075995,-0.12105787008520184,-0.12327961953131979,-0.2088061612768204,-0.19422494769103033,-0.19092787918044743,-0.138589789677694,-0.2105204446279263,-0.16997253180875135,-0.3549270491056286,-0.25166069244323896,-0.23323454718310543,-0.14228523046311664,-0.21343818702673792,-0.12061405322841329,-0.12265708933638197,-0.1325797733810791,-0.12343820641128608,4.882450688720862,-0.15675027022208035,-0.14935081199355485,-0.13311268828430547,-0.17338753590073486,-0.17117580690686846,-0.1608337587402006,-0.1230760537534676,-0.12394315997305108,-0.18902198729296876,-0.12376981784288588,-0.11975303710472059,-0.14176451610439014,-0.1383188980972646,-0.18433707326652513,-0.14075597768410064,-0.12094506751954037,-0.1672611982768258,-0.19860344618907771,-0.1693047839573925,-0.13158645471531422,-0.17668164939273,-0.13919579876322133,-0.14709173737707293,1.4169098728522782,-0.7098005310600505,1.3620104492139977,-0.40703866324070626,-0.47286624374346037,-0.07142857142857141
0.18549249443819701,-1.128644910226816,1.4227592658636876,1,-0.16310736745339036,-0.13931051669133637,-0.1210670106393374,-0.272459848482082,-0.12966864900119177,-0.12287727480484516,-0.13995608007414,-0.21168593274693365,-0.13689135113075995,-0.12105787008520184,-0.12327961953131979,-0.2088061612768204,-0.19422494769103033,-0.19092787918044743,-0.138589789677694,-0.2105204446279263,-0.16997253180875135,-0.3549270491056286,-0.25166069244323896,4.872265554635485,-0.14228523046311664,-0.21343818702673792,-0.12061405322841329,-0.12265708933638197,-0.1325797733810791,-0.12343820641128608,-0.23648872017105496,-0.15675027022208035,-0.14935081199355485,-0.13311268828430547,-0.17338753590073486,-0.17117580690686846,-0.1608337587402006,-0.1230760537534676,-0.12394315997305108,-0.18902198729296876,-0.12376981784288588,-0.11975303710472059,-0.14176451610439014,-0.1383188980972646,-0.18433707326652513,-0.14075597768410064,-0.12094506751954037,-0.1672611982768258,-0.19860344618907771,-0.1693047839573925,-0.13158645471531422,-0.17668164939273,-0.13919579876322133,-0.14709173737707293,-0.7057611914207166,-0.7098005310600505,-0.7342087577794206,-0.40703866324070626,2.1147629234082532,-0.07142857142857141
-1.562929582323402,-1.128644910226816,1.4227592658636876,2,-0.16310736745339036,-0.13931051669133637,-0.1210670106393374,-0.272459848482082,-0.12966864900119177,-0.12287727480484516,-0.13995608007414,-0.21168593274693365,-0.13689135113075995,-0.12105787008520184,-0.12327961953131979,-0.2088061612768204,-0.19422494769103033,-0.19092787918044743,-0.138589789677694,-0.2105204446279263,-0.16997253180875135,-0.3549270491056286,-0.25166069244323896,-0.23323454718310543,8.80178225837684,-0.21343818702673792,-0.12061405322841329,-0.12265708933638197,-0.1325797733810791,-0.12343820641128608,2.9704689146266454,-0.15675027022208035,-0.14935081199355485,-0.13311268828430547,-0.17338753590073486,-0.17117580690686846,-0.1608337587402006,-0.1230760537534676,-0.12394315997305108,-0.18902198729296876,-0.12376981784288588,-0.11975303710472059,-0.14176451610439014,-0.1383188980972646,-0.18433707326652513,-0.14075597768410064,-0.12094506751954037,-0.1672611982768258,-0.19860344618907771,-0.1693047839573925,-0.13158645471531422,-0.17668164939273,-0.13919579876322133,-0.14709173737707293,-0.7057611914207166,1.408846508619191,-0.7342087577794206,-0.40703866324070626,2.1147629234082532,-0.07142857142857141
-0.5138763362664426,1.358722927973488,1.6525469890652835,2,7.720001357067114,-0.13931051669133637,-0.1210670106393374,-0.272459848482082,-0.12966864900119177,-0.12287727480484516,-0.13995608007414,-0.21168593274693365,-0.13689135113075995,-0.12105787008520184,-0.12327961953131979,-0.2088061612768204,-0.19422494769103033,-0.19092787918044743,-0.138589789677694,-0.2105204446279263,-0.16997253180875135,-0.3549270491056286,-0.25166069244323896,-0.23323454718310543,-0.14228523046311664,-0.21343818702673792,-0.12061405322841329,-0.12265708933638197,-0.1325797733810791,-0.12343820641128608,-0.23648872017105496,-0.15675027022208035,-0.14935081199355485,-0.13311268828430547,-0.17338753590073486,-0.17117580690686846,-0.1608337587402006,-0.1230760537534676,-0.12394315997305108,-0.18902198729296876,-0.12376981784288588,-0.11975303710472059,-0.14176451610439014,-0.1383188980972646,-0.18433707326652513,-0.14075597768410064,-0.12094506751954037,-0.1672611982768258,-0.19860344618907771,-0.1693047839573925,-0.13158645471531422,-0.17668164939273,-0.13919579876322133,-0.14709173737707293,-0.7057611914207166,-0.7098005310600505,-0.7342087577794206,-0.40703866324070626,-0.47286624374346037,-0.07142857142857141
-0.8635607516187623,0.5296003152400534,-0.6453302429506743,2,-0.16310736745339036,-0.13931051669133637,-0.1210670106393374,-0.272459848482082,-0.12966864900119177,-0.12287727480484516,-0.13995608007414,-0.21168593274693365,-0.13689135113075995,-0.12105787008520184,-0.12327961953131979,-0.2088061612768204,-0.19422494769103033,-0.19092787918044743,-0.138589789677694,-0.2105204446279263,-0.16997253180875135,-0.3549270491056286,-0.25166069244323896,-0.23323454718310543,-0.14228523046311664,-0.21343818702673792,-0.12061405322841329,-0.12265708933638197,-0.1325797733810791,-0.12343820641128608,-0.23648872017105496,-0.15675027022208035,-0.14935081199355485,-0.13311268828430547,-0.17338753590073486,-0.17117580690686846,-0.1608337587402006,-0.1230760537534676,-0.12394315997305108,-0.18902198729296876,-0.12376981784288588,-0.11975303710472059,-0.14176451610439014,-0.1383188980972646,-0.18433707326652513,-0.14075597768410064,-0.12094506751954037,-0.1672611982768258,-0.19860344618907771,-0.1693047839573925,-0.13158645471531422,-0.17668164939273,-0.13919579876322133,-0.14709173737707293,1.4169098728522782,-0.7098005310600505,-0.7342087577794206,2.456769074559977,-0.47286624374346037,-0.07142857142857141
0.8848613251428366,-0.023148093248903084,1.078077681061294,0,-0.16310736745339036,-0.13931051669133637,-0.1210670106393374,-0.272459848482082,-0.12966864900119177,-0.12287727480484516,-0.13995608007414,-0.21168593274693365,-0.13689135113075995,-0.12105787008520184,-0.12327961953131979,-0.2088061612768204,-0.19422494769103033,-0.19092787918044743,-0.138589789677694,-0.2105204446279263,-0.16997253180875135,-0.3549270491056286,5.857245973930547,-0.23323454718310543,-0.14228523046311664,-0.21343818702673792,-0.12061405322841329,-0.12265708933638197,-0.1325797733810791,-0.12343820641128608,-0.23648872017105496,-0.15675027022208035,-0.14935081199355485,-0.13311268828430547,-0.17338753590073486,-0.17117580690686846,-0.1608337587402006,-0.1230760537534676,-0.12394315997305108,-0.18902198729296876,-0.12376981784288588,-0.11975303710472059,-0.14176451610439014,-0.1383188980972646,-0.18433707326652513,-0.14075597768410064,-0.12094506751954037,-0.1672611982768258,-0.19860344618907771,-0.1693047839573925,-0.13158645471531422,-0.17668164939273,-0.13919579876322133,-0.14709173737707293,1.4169098728522782,-0.7098005310600505,1.3620104492139977,-0.40703866324070626,-0.47286624374346037,-0.07142857142857141
0.8848613251428366,-1.4050191144712942,1.078077681061294,0,-0.16310736745339036,-0.13931051669133637,-0.1210670106393374,-0.272459848482082,-0.12966864900119177,-0.12287727480484516,-0.13995608007414,-0.21168593274693365,-0.13689135113075995,-0.12105787008520184,-0.12327961953131979,-0.2088061612768204,-0.19422494769103033,-0.19092787918044743,-0.138589789677694,-0.2105204446279263,-0.16997253180875135,1.2358644951675868,2.561781428504943,-0.23323454718310543,-0.14228523046311664,-0.21343818702673792,-0.12061405322841329,-0.12265708933638197,-0.1325797733810791,-0.12343820641128608,-0.23648872017105496,-0.15675027022208035,-0.14935081199355485,-0.13311268828430547,-0.17338753590073486,-0.17117580690686846,-0.1608337587402006,-0.1230760537534676,-0.12394315997305108,-0.18902198729296876,-0.12376981784288588,-0.11975303710472059,-0.14176451610439014,-0.1383188980972646,3.7372734770998917,6.839275508443517,-0.12094506751954037,-0.1672611982768258,-0.19860344618907771,-0.1693047839573925,-0.13158645471531422,-0.17668164939273,-0.13919579876322133,-0.14709173737707293,1.4169098728522782,-0.7098005310600505,1.3620104492139977,-0.40703866324070626,-0.47286624374346037,-0.07142857142857141
0.5351769097905168,-1.4050191144712942,-0.8751179661522701,2,-0.16310736745339036,-0.13931051669133637,-0.1210670106393374,-0.272459848482082,-0.12966864900119177,-0.12287727480484516,-0.13995608007414,-0.21168593274693365,-0.13689135113075995,-0.12105787008520184,-0.12327961953131979,-0.2088061612768204,-0.19422494769103033,-0.19092787918044743,-0.138589789677694,-0.2105204446279263,-0.16997253180875135,-0.3549270491056286,-0.25166069244323896,4.872265554635485,-0.14228523046311664,-0.21343818702673792,-0.12061405322841329,-0.12265708933638197,-0.1325797733810791,-0.12343820641128608,-0.23648872017105496,-0.15675027022208035,-0.14935081199355485,-0.13311268828430547,-0.17338753590073486,-0.17117580690686846,-0.1608337587402006,-0.1230760537534676,-0.12394315997305108,-0.18902198729296876,-0.12376981784288588,-0.11975303710472059,-0.14176451610439014,-0.1383188980972646,-0.18433707326652513,-0.14075597768410064,-0.12094506751954037,-0.1672611982768258,-0.19860344618907771,-0.1693047839573925,-0.13158645471531422,-0.17668164939273,-0.13919579876322133,-0.14709173737707293,1.4169098728522782,-0.7098005310600505,-0.7342087577794206,-0.40703866324070626,-0.47286624374346037,-0.07142857142857141
-1.562929582323402,1.6350971322179662,-1.2197995509546637,0,-0.16310736745339036,-0.13931051669133637,-0.1210670106393374,-0.272459848482082,-0.12966864900119177,-0.12287727480484516,-0.13995608007414,-0.21168593274693365,-0.13689135113075995,-0.12105787008520184,-0.12327961953131979,-0.2088061612768204,-0.19422494769103033,-0.19092787918044743,-0.138589789677694,-0.2105204446279263,-0.16997253180875135,-0.3549270491056286,-0.25166069244323896,-0.23323454718310543,-0.14228523046311664,-0.21343818702673792,-0.12061405322841329,-0.12265708933638197,-0.1325797733810791,-0.12343820641128608,-0.23648872017105496,-0.15675027022208035,-0.14935081199355485,-0.13311268828430547,-0.17338753590073486,7.6607396468484,-0.1608337587402006,-0.1230760537534676,-0.12394315997305108,-0.18902198729296876,-0.12376981784288588,-0.11975303710472059,-0.14176451610439014,-0.1383188980972646,-0.18433707326652513,-0.14075597768410064,-0.12094506751954037,-0.1672611982768258,-0.19860344618907771,-0.1693047839573925,-0.13158645471531422,-0.17668164939273,-0.13919579876322133,-0.14709173737707293,-0.7057611914207166,1.408846508619191,1.3620104492139977,-0.40703866324070626,-0.47286624374346037,-0.07142857142857141
0.8848613251428366,-0.2995222974933813,0.8482899578596982,1,-0.16310736745339036,-0.13931051669133637,-0.1210670106393374,-0.272459848482082,-0.12966864900119177,-0.12287727480484516,-0.13995608007414,-0.21168593274693365,-0.13689135113075995,-0.12105787008520184,-0.12327961953131979,-0.2088061612768204,-0.19422494769103033,-0.19092787918044743,-0.138589789677694,-0.2105204446279263,-0.16997253180875135,3.8201571530217064,-0.25166069244323896,-0.23323454718310543,-0.14228523046311664,-0.21343818702673792,-0.12061405322841329,-0.12265708933638197,-0.1325797733810791,-0.12343820641128608,-0.23648872017105496,-0.15675027022208035,-0.14935081199355485,-0.13311268828430547,-0.17338753590073486,-0.17117580690686846,-0.1608337587402006,-0.1230760537534676,-0.12394315997305108,-0.18902198729296876,-0.12376981784288588,-0.11975303710472059,-0.14176451610439014,-0.1383188980972646,-0.18433707326652513,-0.14075597768410064,-0.12094506751954037,-0.1672611982768258,-0.19860344618907771,-0.1693047839573925,-0.13158645471531422,-0.17668164939273,-0.13919579876322133,-0.14709173737707293,-0.7057611914207166,1.408846508619191,-0.7342087577794206,2.456769074559977,-0.47286624374346037,-0.07142857142857141
0.8848613251428366,-0.2995222974933813,-1.104905689353866,2,-0.16310736745339036,-0.13931051669133637,-0.1210670106393374,-0.272459848482082,-0.12966864900119177,-0.12287727480484516,-0.13995608007414,-0.21168593274693365,-0.13689135113075995,-0.12105787008520184,-0.12327961953131979,-0.2088061612768204,-0.19422494769103033,-0.19092787918044743,-0.138589789677694,-0.2105204446279263,-0.16997253180875135,-0.3549270491056286,-0.25166069244323896,-0.23323454718310543,-0.14228523046311664,-0.21343818702673792,-0.12061405322841329,-0.12265708933638197,-0.1325797733810791,-0.12343820641128608,-0.23648872017105496,-0.15675027022208035,-0.14935081199355485,-0.13311268828430547,-0.17338753590073486,-0.17117580690686846,9.318655368045116,-0.1230760537534676,-0.12394315997305108,-0.18902198729296876,-0.12376981784288588,-0.11975303710472059,-0.14176451610439014,-0.1383188980972646,-0.18433707326652513,-0.14075597768410064,-0.12094506751954037,-0.1672611982768258,-0.19860344618907771,-0.1693047839573925,-0.13158645471531422,-0.17668164939273,-0.13919579876322133,-0.14709173737707293,-0.7057611914207166,1.408846508619191,1.3620104492139977,-0.40703866324070626,-0.47286624374346037,-0.07142857142857141
0.18549249443819701,0.5296003152400534,-0.07086093494668493,1,-0.16310736745339036,-0.13931051669133637,-0.1210670106393374,-0.272459848482082,-0.12966864900119177,-0.12287727480484516,-0.13995608007414,-0.21168593274693365,-0.13689135113075995,-0.12105787008520184,-0.12327961953131979,-0.2088061612768204,-0.19422494769103033,-0.19092787918044743,-0.138589789677694,-0.2105204446279263,-0.16997253180875135,-0.3549270491056286,-0.25166069244323896,-0.23323454718310543,-0.14228523046311664,-0.21343818702673792,-0.12061405322841329,-0.12265708933638197,-0.1325797733810791,-0.12343820641128608,-0.23648872017105496,-0.15675027022208035,-0.14935081199355485,-0.13311268828430547,-0.17338753590073486,-0.17117580690686846,-0.1608337587402006,-0.1230760537534676,-0.12394315997305108,-0.18902198729296876,-0.12376981784288588,-0.11975303710472059,-0.14176451610439014,-0.1383188980972646,-0.18433707326652513,-0.14075597768410064,-0.12094506751954037,-0.1672611982768258,-0.19860344618907771,-0.1693047839573925,-0.13158645471531422,-0.17668164939273,-0.13919579876322133,-0.14709173737707293,-0.7057611914207166,1.408846508619191,-0.7342087577794206,-0.40703866324070626,2.1147629234082532,-0.07142857142857141
-2.961667243732681,-1.128644910226816,0.27382064985570875,2,-0.16310736745339036,-0.13931051669133637,-0.1210670106393374,-0.272459848482082,-0.12966864900119177,-0.12287727480484516,-0.13995608007414,-0.21168593274693365,-0.13689135113075995,-0.12105787008520184,-0.12327961953131979,-0.2088061612768204,-0.19422494769103033,-0.19092787918044743,8.096169040458767,-0.2105204446279263,-0.16997253180875135,-0.3549270491056286,-0.25166069244323896,-0.23323454718310543,-0.14228523046311664,-0.21343818702673792,-0.12061405322841329,-0.12265708933638197,-0.1325797733810791,-0.12343820641128608,-0.23648872017105496,-0.15675027022208035,-0.14935081199355485,-0.13311268828430547,-0.17338753590073486,-0.17117580690686846,-0.1608337587402006,-0.1230760537534676,-0.12394315997305108,5.162752588999461,-0.12376981784288588,-0.11975303710472059,-0.14176451610439014,-0.1383188980972646,-0.18433707326652513,-0.14075597768410064,-0.12094506751954037,-0.1672611982768258,-0.19860344618907771,-0.1693047839573925,-0.13158645471531422,-0.17668164939273,-0.13919579876322133,-0.14709173737707293,1.4169098728522782,-0.7098005310600505,-0.7342087577794206,-0.40703866324070626,-0.47286624374346037,-0.07142857142857141
0.8848613251428366,-1.128644910226816,-0.3006486581482807,1,-0.16310736745339036,-0.13931051669133637,-0.1210670106393374,-0.272459848482082,-0.12966864900119177,-0.12287727480484516,-0.13995608007414,-0.21168593274693365,-0.13689135113075995,-0.12105787008520184,-0.12327961953131979,-0.2088061612768204,-0.19422494769103033,-0.19092787918044743,-0.138589789677694,-0.2105204446279263,-0.16997253180875135,-0.3549270491056286,-0.25166069244323896,-0.23323454718310543,-0.14228523046311664,-0.21343818702673792,-0.12061405322841329,-0.12265708933638197,-0.1325797733810791,-0.12343820641128608,-0.23648872017105496,-0.15675027022208035,-0.14935081199355485,-0.13311268828430547,-0.17338753590073486,-0.17117580690686846,-0.1608337587402006,-0.1230760537534676,-0.12394315997305108,-0.18902198729296876,-0.12376981784288588,-0.11975303710472059,-0.14176451610439014,-0.1383188980972646,-0.18433707326652513,-0.14075597768410064,-0.12094506751954037,-0.1672611982768258,-0.19860344618907771,-0.1693047839573925,-0.13158645471531422,-0.17668164939273,-0.13919579876322133,-0.14709173737707293,-0.7057611914207166,1.408846508619191,-0.7342087577794206,2.456769074559977,-0.47286624374346037,-0.07142857142857141
0.5351769097905168,-0.2995222974933813,-0.4155425197490786,0,-0.16310736745339036,-0.13931051669133637,-0.1210670106393374,-0.272459848482082,-0.12966864900119177,-0.12287727480484516,-0.13995608007414,-0.21168593274693365,-0.13689135113075995,-0.12105787008520184,-0.12327961953131979,-0.2088061612768204,-0.19422494769103033,-0.19092787918044743,-0.138589789677694,-0.2105204446279263,-0.16997253180875135,1.88876619620265,-0.25166069244323896,-0.23323454718310543,-0.14228523046311664,-0.21343818702673792,-0.12061405322841329,-0.12265708933638197,-0.1325797733810791,-0.12343820641128608,-0.23648872017105496,-0.15675027022208035,-0.14935081199355485,-0.13311268828430547,-0.17338753590073486,-0.17117580690686846,-0.1608337587402006,-0.1230760537534676,-0.12394315997305108,-0.18902198729296876,-0.12376981784288588,-0.11975303710472059,7.108453231499345,-0.1383188980972646,-0.18433707326652513,-0.14075597768410064,-0.12094506751954037,-0.1672611982768258,-0.19860344618907771,-0.1693047839573925,-0.13158645471531422,-0.17668164939273,-0.13919579876322133,-0.14709173737707293,-0.7057611914207166,-0.7098005310600505,1.3620104492139977,-0.40703866324070626,-0.47286624374346037,-0.07142857142857141
-0.8635607516187623,1.6350971322179662,-0.6453302429506743,1,-0.16310736745339036,-0.13931051669133637,-0.1210670106393374,-0.272459848482082,-0.12966864900119177,-0.12287727480484516,-0.13995608007414,-0.21168593274693365,-0.13689135113075995,-0.12105787008520184,-0.12327961953131979,-0.2088061612768204,-0.19422494769103033,-0.19092787918044743,-0.138589789677694,-0.2105204446279263,-0.16997253180875135,-0.3549270491056286,-0.25166069244323896,4.872265554635485,-0.14228523046311664,-0.21343818702673792,-0.12061405322841329,-0.12265708933638197,-0.1325797733810791,-0.12343820641128608,-0.23648872017105496,-0.15675027022208035,-0.14935081199355485,-0.13311268828430547,-0.17338753590073486,-0.17117580690686846,-0.1608337587402006,-0.1230760537534676,-0.12394315997305108,-0.18902198729296876,-0.12376981784288588,-0.11975303710472059,-0.14176451610439014,-0.1383188980972646,-0.18433707326652513,-0.14075597768410064,-0.12094506751954037,-0.1672611982768258,-0.19860344618907771,-0.1693047839573925,-0.13158645471531422,-0.17668164939273,-0.13919579876322133,-0.14709173737707293,-0.7057611914207166,1.408846508619191,-0.7342087577794206,2.456769074559977,-0.47286624374346037,-0.07142857142857141
0.8848613251428366,0.8059745194845316,-1.3346934125554617,2,-0.16310736745339036,-0.13931051669133637,-0.1210670106393374,2.8581249015241403,-0.12966864900119177,-0.12287727480484516,-0.13995608007414,-0.21168593274693365,-0.13689135113075995,-0.12105787008520184,-0.12327961953131979,-0.2088061612768204,-0.19422494769103033,-0.19092787918044743,7.056587944903767,-0.2105204446279263,-0.16997253180875135,-0.3549270491056286,-0.25166069244323896,-0.23323454718310543,-0.14228523046311664,-0.21343818702673792,-0.12061405322841329,-0.12265708933638197,-0.1325797733810791,-0.12343820641128608,-0.23648872017105496,-0.15675027022208035,-0.14935081199355485,-0.13311268828430547,-0.17338753590073486,-0.17117580690686846,-0.1608337587402006,-0.1230760537534676,-0.12394315997305108,4.487128227442624,-0.12376981784288588,-0.11975303710472059,-0.14176451610439014,-0.1383188980972646,-0.18433707326652513,-0.14075597768410064,-0.12094506751954037,-0.1672611982768258,-0.19860344618907771,-0.1693047839573925,-0.13158645471531422,-0.17668164939273,-0.13919579876322133,-0.14709173737707293,-0.7057611914207166,1.408846508619191,1.3620104492139977,-0.40703866324070626,-0.47286624374346037,-0.07142857142857141
0.8848613251428366,-1.4050191144712942,0.38871451145650665,0,-0.16310736745339036,-0.13931051669133637,-0.1210670106393374,-0.272459848482082,-0.12966864900119177,-0.12287727480484516,-0.13995608007414,-0.21168593274693365,8.75949390740269,-0.12105787008520184,-0.12327961953131979,-0.2088061612768204,-0.19422494769103033,-0.19092787918044743,-0.138589789677694,-0.2105204446279263,-0.16997253180875135,-0.3549270491056286,-0.25166069244323896,-0.23323454718310543,-0.14228523046311664,-0.21343818702673792,-0.12061405322841329,-0.12265708933638197,-0.1325797733810791,-0.12343820641128608,-0.23648872017105496,-0.15675027022208035,-0.14935081199355485,-0.13311268828430547,-0.17338753590073486,-0.17117580690686846,-0.1608337587402006,-0.1230760537534676,-0.12394315997305108,-0.18902198729296876,-0.12376981784288588,-0.11975303710472059,-0.14176451610439014,-0.1383188980972646,-0.18433707326652513,-0.14075597768410064,-0.12094506751954037,-0.1672611982768258,-0.19860344618907771,-0.1693047839573925,-0.13158645471531422,-0.17668164939273,-0.13919579876322133,-0.14709173737707293,1.4169098728522782,-0.7098005310600505,-0.7342087577794206,-0.40703866324070626,2.1147629234082532,-0.07142857142857141
0.8848613251428366,-1.4050191144712942,0.27382064985570875,2,-0.16310736745339036,-0.13931051669133637,-0.1210670106393374,-0.272459848482082,-0.12966864900119177,-0.12287727480484516,-0.13995608007414,-0.21168593274693365,-0.13689135113075995,-0.12105787008520184,-0.12327961953131979,-0.2088061612768204,3.1959930547365394,-0.19092787918044743,-0.138589789677694,-0.2105204446279263,-0.16997253180875135,-0.3549270491056286,-0.25166069244323896,-0.23323454718310543,-0.14228523046311664,-0.21343818702673792,-0.12061405322841329,-0.12265708933638197,-0.1325797733810791,-0.12343820641128608,-0.23648872017105496,-0.15675027022208035,4.10718881368561,-0.13311268828430547,-0.17338753590073486,-0.17117580690686846,4.569124421476749,-0.1230760537534676,-0.12394315997305108,-0.18902198729296876,-0.12376981784288588,-0.11975303710472059,-0.14176451610439014,-0.1383188980972646,-0.18433707326652513,-0.14075597768410064,-0.12094506751954037,-0.1672611982768258,-0.19860344618907771,-0.1693047839573925,-0.13158645471531422,-0.17668164939273,-0.13919579876322133,4.365651385115623,-0.7057611914207166,1.408846508619191,-0.7342087577794206,-0.40703866324070626,-0.47286624374346037,-0.07142857142857141
-0.5138763362664426,0.8059745194845316,-0.1857547965474828,1,-0.16310736745339036,8.437929751387134,-0.1210670106393374,-0.272459848482082,-0.12966864900119177,-0.12287727480484516,-0.13995608007414,-0.21168593274693365,-0.13689135113075995,-0.12105787008520184,-0.12327961953131979,2.49659131532363,-0.19422494769103033,-0.19092787918044743,-0.138589789677694,2.9139271724339895,-0.16997253180875135,-0.3549270491056286,-0.25166069244323896,-0.23323454718310543,-0.14228523046311664,-0.21343818702673792,-0.12061405322841329,-0.12265708933638197,-0.1325797733810791,-0.12343820641128608,-0.23648872017105496,-0.15675027022208035,-0.14935081199355485,-0.13311268828430547,-0.17338753590073486,-0.17117580690686846,-0.1608337587402006,-0.1230760537534676,-0.12394315997305108,-0.18902198729296876,-0.12376981784288588,-0.11975303710472059,-0.14176451610439014,-0.1383188980972646,-0.18433707326652513,-0.14075597768410064,-0.12094506751954037,-0.1672611982768258,-0.19860344618907771,-0.1693047839573925,-0.13158645471531422,-0.17668164939273,-0.13919579876322133,-0.14709173737707293,-0.7057611914207166,1.408846508619191,-0.7342087577794206,-0.40703866324070626,2.1147629234082532,-0.07142857142857141
0.8848613251428366,-0.023148093248903084,0.7333960962589003,2,-0.16310736745339036,-0.13931051669133637,-0.1210670106393374,-0.272459848482082,-0.12966864900119177,-0.12287727480484516,-0.13995608007414,-0.21168593274693365,-0.13689135113075995,-0.12105787008520184,-0.12327961953131979,-0.2088061612768204,-0.19422494769103033,-0.19092787918044743,-0.138589789677694,-0.2105204446279263,-0.16997253180875135,-0.3549270491056286,-0.25166069244323896,-0.23323454718310543,-0.14228523046311664,-0.21343818702673792,-0.12061405322841329,-0.12265708933638197,-0.1325797733810791,-0.12343820641128608,-0.23648872017105496,-0.15675027022208035,-0.14935081199355485,-0.13311268828430547,-0.17338753590073486,-0.17117580690686846,-0.1608337587402006,-0.1230760537534676,-0.12394315997305108,-0.18902198729296876,-0.12376981784288588,-0.11975303710472059,-0.14176451610439014,-0.1383188980972646,-0.18433707326652513,-0.14075597768410064,-0.12094506751954037,-0.1672611982768258,-0.19860344618907771,-0.1693047839573925,9.938885331888553,-0.17668164939273,-0.13919579876322133,-0.14709173737707293,1.4169098728522782,-0.7098005310600505,1.3620104492139977,-0.40703866324070626,-0.47286624374346037,-0.07142857142857141
-1.562929582323402,-0.2995222974933813,-0.07086093494668493,0,-0.16310736745339036,-0.13931051669133637,-0.1210670106393374,-0.272459848482082,-0.12966864900119177,-0.12287727480484516,-0.13995608007414,-0.21168593274693365,-0.13689135113075995,-0.12105787008520184,-0.12327961953131979,-0.2088061612768204,-0.19422494769103033,-0.19092787918044743,-0.138589789677694,-0.2105204446279263,-0.16997253180875135,-0.3549270491056286,-0.25166069244323896,-0.23323454718310543,-0.14228523046311664,-0.21343818702673792,-0.12061405322841329,-0.12265708933638197,-0.1325797733810791,-0.12343820641128608,-0.23648872017105496,-0.15675027022208035,-0.14935081199355485,-0.13311268828430547,-0.17338753590073486,-0.17117580690686846,-0.1608337587402006,-0.1230760537534676,-0.12394315997305108,-0.18902198729296876,-0.12376981784288588,-0.11975303710472059,-0.14176451610439014,-0.1383188980972646,-0.18433707326652513,-0.14075597768410064,-0.12094506751954037,-0.1672611982768258,-0.19860344618907771,-0.1693047839573925,-0.13158645471531422,-0.17668164939273,-0.13919579876322133,-0.14709173737707293,-0.7057611914207166,-0.7098005310600505,-0.7342087577794206,-0.40703866324070626,-0.47286624374346037,-0.07142857142857141
-1.2132451669710822,-0.8522707059823377,0.5036083730573045,0,-0.16310736745339036,-0.13931051669133637,-0.1210670106393374,-0.272459848482082,-0.12966864900119177,-0.12287727480484516,-0.13995608007414,-0.21168593274693365,-0.13689135113075995,-0.12105787008520184,-0.12327961953131979,-0.2088061612768204,4.848139144889364,-0.19092787918044743,-0.138589789677694,-0.2105204446279263,-0.16997253180875135,-0.3549270491056286,-0.25166069244323896,-0.23323454718310543,-0.14228523046311664,-0.21343818702673792,-0.12061405322841329,-0.12265708933638197,-0.1325797733810791,-0.12343820641128608,-0.23648872017105496,-0.15675027022208035,-0.14935081199355485,-0.13311268828430547,-0.17338753590073486,5.537586444261389,-0.1608337587402006,-0.1230760537534676,-0.12394315997305108,-0.18902198729296876,-0.12376981784288588,-0.11975303710472059,-0.14176451610439014,-0.1383188980972646,-0.18433707326652513,-0.14075597768410064,-0.12094506751954037,-0.1672611982768258,-0.19860344618907771,-0.1693047839573925,-0.13158645471531422,-0.17668164939273,-0.13919579876322133,-0.14709173737707293,1.4169098728522782,-0.7098005310600505,-0.7342087577794206,-0.40703866324070626,-0.47286624374346037,-0.07142857142857141
-0.5138763362664426,-0.5758965017378596,0.27382064985570875,2,-0.16310736745339036,6.3108050895973555,-0.1210670106393374,-0.272459848482082,-0.12966864900119177,-0.12287727480484516,-0.13995608007414,-0.21168593274693365,-0.13689135113075995,-0.12105787008520184,-0.12327961953131979,-0.2088061612768204,3.9296617272835714,-0.19092787918044743,-0.138589789677694,-0.2105204446279263,-0.16997253180875135,-0.3549270491056286,-0.25166069244323896,2.4169330217346254,-0.14228523046311664,-0.21343818702673792,-0.12061405322841329,-0.12265708933638197,-0.1325797733810791,-0.12343820641128608,-0.23648872017105496,-0.15675027022208035,-0.14935081199355485,-0.13311268828430547,-0.17338753590073486,-0.17117580690686846,-0.1608337587402006,-0.1230760537534676,-0.12394315997305108,-0.18902198729296876,-0.12376981784288588,-0.11975303710472059,-0.14176451610439014,-0.1383188980972646,-0.18433707326652513,-0.14075597768410064,-0.12094506751954037,-0.1672611982768258,-0.19860344618907771,-0.1693047839573925,-0.13158645471531422,-0.17668164939273,-0.13919579876322133,-0.14709173737707293,1.4169098728522782,-0.7098005310600505,-0.7342087577794206,-0.40703866324070626,-0.47286624374346037,-0.07142857142857141
0.8848613251428366,-1.128644910226816,1.4227592658636876,1,-0.16310736745339036,-0.13931051669133637,-0.1210670106393374,-0.272459848482082,-0.12966864900119177,-0.12287727480484516,-0.13995608007414,-0.21168593274693365,-0.13689135113075995,-0.12105787008520184,-0.12327961953131979,-0.2088061612768204,-0.19422494769103033,-0.19092787918044743,-0.138589789677694,-0.2105204446279263,-0.16997253180875135,-0.3549270491056286,-0.25166069244323896,-0.23323454718310543,-0.14228523046311664,-0.21343818702673792,-0.12061405322841329,-0.12265708933638197,-0.1325797733810791,-0.12343820641128608,-0.23648872017105496,-0.15675027022208035,-0.14935081199355485,-0.13311268828430547,-0.17338753590073486,-0.17117580690686846,-0.1608337587402006,-0.1230760537534676,-0.12394315997305108,-0.18902198729296876,-0.12376981784288588,-0.11975303710472059,-0.14176451610439014,-0.1383188980972646,-0.18433707326652513,-0.14075597768410064,-0.12094506751954037,-0.1672611982768258,-0.19860344618907771,-0.1693047839573925,-0.13158645471531422,-0.17668164939273,-0.13919579876322133,-0.14709173737707293,-0.7057611914207166,1.408846508619191,1.3620104492139977,-0.40703866324070626,-0.47286624374346037,-0.07142857142857141
-0.16419192091412277,-0.5758965017378596,-0.07086093494668493,2,-0.16310736745339036,-0.13931051669133637,-0.1210670106393374,-0.272459848482082,-0.12966864900119177,-0.12287727480484516,-0.13995608007414,-0.21168593274693365,-0.13689135113075995,-0.12105787008520184,-0.12327961953131979,-0.2088061612768204,-0.19422494769103033,-0.19092787918044743,-0.138589789677694,-0.2105204446279263,-0.16997253180875135,-0.3549270491056286,-0.25166069244323896,-0.23323454718310543,-0.14228523046311664,-0.21343818702673792,-0.12061405322841329,-0.12265708933638197,-0.1325797733810791,-0.12343820641128608,-0.23648872017105496,-0.15675027022208035,8.04874397108542,-0.13311268828430547,-0.17338753590073486,-0.17117580690686846,-0.1608337587402006,-0.1230760537534676,-0.12394315997305108,-0.18902198729296876,-0.12376981784288588,-0.11975303710472059,-0.14176451610439014,-0.1383188980972646,-0.18433707326652513,-0.14075597768410064,-0.12094506751954037,-0.1672611982768258,-0.19860344618907771,-0.1693047839573925,-0.13158645471531422,-0.17668164939273,-0.13919579876322133,-0.14709173737707293,-0.7057611914207166,-0.7098005310600505,1.3620104492139977,-0.40703866324070626,-0.47286624374346037,-0.07142857142857141
0.18549249443819701,-0.5758965017378596,-0.07086093494668493,2,-0.16310736745339036,-0.13931051669133637,-0.1210670106393374,3.5006662645505577,-0.12966864900119177,-0.12287727480484516,-0.13995608007414,-0.21168593274693365,-0.13689135113075995,-0.12105787008520184,-0.12327961953131979,-0.2088061612768204,-0.19422494769103033,-0.19092787918044743,-0.138589789677694,-0.2105204446279263,-0.16997253180875135,-0.3549270491056286,-0.25166069244323896,-0.23323454718310543,-0.14228523046311664,-0.21343818702673792,-0.12061405322841329,-0.12265708933638197,-0.1325797733810791,-0.12343820641128608,-0.23648872017105496,-0.15675027022208035,-0.14935081199355485,7.7579285318667095,-0.17338753590073486,-0.17117580690686846,-0.1608337587402006,-0.1230760537534676,-0.12394315997305108,-0.18902198729296876,-0.12376981784288588,-0.11975303710472059,-0.14176451610439014,-0.1383188980972646,-0.18433707326652513,-0.14075597768410064,-0.12094506751954037,-0.1672611982768258,-0.19860344618907771,-0.1693047839573925,-0.13158645471531422,-0.17668164939273,-0.13919579876322133,-0.14709173737707293,-0.7057611914207166,1.408846508619191,-0.7342087577794206,-0.40703866324070626,2.1147629234082532,-0.07142857142857141
0.8848613251428366,-0.8522707059823377,-1.4495872741562597,2,-0.16310736745339036,-0.13931051669133637,-0.1210670106393374,3.976163075694195,-0.12966864900119177,-0.12287727480484516,-0.13995608007414,-0.21168593274693365,-0.13689135113075995,-0.12105787008520184,-0.12327961953131979,-0.2088061612768204,-0.19422494769103033,-0.19092787918044743,-0.138589789677694,6.268092500224959,-0.16997253180875135,-0.3549270491056286,-0.25166069244323896,-0.23323454718310543,-0.14228523046311664,-0.21343818702673792,-0.12061405322841329,-0.12265708933638197,-0.1325797733810791,-0.12343820641128608,-0.23648872017105496,-0.15675027022208035,-0.14935081199355485,-0.13311268828430547,-0.17338753590073486,-0.17117580690686846,-0.1608337587402006,-0.1230760537534676,-0.12394315997305108,-0.18902198729296876,-0.12376981784288588,-0.11975303710472059,-0.14176451610439014,-0.1383188980972646,-0.18433707326652513,-0.14075597768410064,-0.12094506751954037,-0.1672611982768258,-0.19860344618907771,-0.1693047839573925,-0.13158645471531422,-0.17668164939273,-0.13919579876322133,-0.14709173737707293,1.4169098728522782,-0.7098005310600505,1.3620104492139977,-0.40703866324070626,-0.47286624374346037,-0.07142857142857141
-1.9126139976757217,0.8059745194845316,-0.4155425197490786,2,-0.16310736745339036,-0.13931051669133637,-0.1210670106393374,-0.272459848482082,-0.12966864900119177,-0.12287727480484516,-0.13995608007414,-0.21168593274693365,-0.13689135113075995,-0.12105787008520184,-0.12327961953131979,-0.2088061612768204,-0.19422494769103033,-0.19092787918044743,-0.138589789677694,-0.2105204446279263,-0.16997253180875135,-0.3549270491056286,-0.25166069244323896,-0.23323454718310543,-0.14228523046311664,-0.21343818702673792,-0.12061405322841329,-0.12265708933638197,-0.1325797733810791,-0.12343820641128608,-0.23648872017105496,-0.15675027022208035,-0.14935081199355485,-0.13311268828430547,-0.17338753590073486,-0.17117580690686846,-0.1608337587402006,-0.1230760537534676,-0.12394315997305108,-0.18902198729296876,-0.12376981784288588,-0.11975303710472059,-0.14176451610439014,-0.1383188980972646,-0.18433707326652513,-0.14075597768410064,-0.12094506751954037,-0.1672611982768258,-0.19860344618907771,-0.1693047839573925,-0.13158645471531422,-0.17668164939273,-0.13919579876322133,-0.14709173737707293,1.4169098728522782,-0.7098005310600505,-0.7342087577794206,-0.40703866324070626,-0.47286624374346037,-0.07142857142857141
0.8848613251428366,0.2532261109955751,-0.7602241045514723,1,-0.16310736745339036,-0.13931051669133637,-0.1210670106393374,-0.272459848482082,-0.12966864900119177,-0.12287727480484516,-0.13995608007414,-0.21168593274693365,-0.13689135113075995,-0.12105787008520184,-0.12327961953131979,-0.2088061612768204,-0.19422494769103033,-0.19092787918044743,-0.138589789677694,-0.2105204446279263,-0.16997253180875135,-0.3549270491056286,-0.25166069244323896,4.872265554635485,-0.14228523046311664,-0.21343818702673792,-0.12061405322841329,-0.12265708933638197,-0.1325797733810791,-0.12343820641128608,-0.23648872017105496,-0.15675027022208035,-0.14935081199355485,-0.13311268828430547,-0.17338753590073486,-0.17117580690686846,-0.1608337587402006,-0.1230760537534676,-0.12394315997305108,-0.18902198729296876,-0.12376981784288588,-0.11975303710472059,-0.14176451610439014,-0.1383188980972646,-0.18433707326652513,-0.14075597768410064,-0.12094506751954037,-0.1672611982768258,-0.19860344618907771,-0.1693047839573925,-0.13158645471531422,-0.17668164939273,-0.13919579876322133,-0.14709173737707293,-0.7057611914207166,1.408846508619191,-0.7342087577794206,2.456769074559977,-0.47286624374346037,-0.07142857142857141
0.8848613251428366,-0.8522707059823377,0.5036083730573045,1,-0.16310736745339036,-0.13931051669133637,-0.1210670106393374,-0.272459848482082,-0.12966864900119177,-0.12287727480484516,-0.13995608007414,-0.21168593274693365,-0.13689135113075995,-0.12105787008520184,8.087887308236127,-0.2088061612768204,-0.19422494769103033,-0.19092787918044743,-0.138589789677694,-0.2105204446279263,-0.16997253180875135,-0.3549270491056286,-0.25166069244323896,-0.23323454718310543,-0.14228523046311664,-0.21343818702673792,-0.12061405322841329,-0.12265708933638197,-0.1325797733810791,-0.12343820641128608,-0.23648872017105496,-0.15675027022208035,-0.14935081199355485,-0.13311268828430547,-0.17338753590073486,-0.17117580690686846,-0.1608337587402006,-0.1230760537534676,-0.12394315997305108,-0.18902198729296876,-0.12376981784288588,-0.11975303710472059,-0.14176451610439014,-0.1383188980972646,-0.18433707326652513,-0.14075597768410064,-0.12094506751954037,-0.1672611982768258,-0.19860344618907771,-0.1693047839573925,-0.13158645471531422,-0.17668164939273,-0.13919579876322133,5.768995796622994,-0.7057611914207166,-0.7098005310600505,-0.7342087577794206,-0.40703866324070626,-0.47286624374346037,-0.07142857142857141
0.8848613251428366,-0.023148093248903084,0.5036083730573045,0,-0.16310736745339036,-0.13931051669133637,-0.1210670106393374,-0.272459848482082,-0.12966864900119177,-0.12287727480484516,-0.13995608007414,-0.21168593274693365,-0.13689135113075995,-0.12105787008520184,-0.12327961953131979,-0.2088061612768204,-0.19422494769103033,-0.19092787918044743,-0.138589789677694,-0.2105204446279263,-0.16997253180875135,-0.3549270491056286,-0.25166069244323896,-0.23323454718310543,-0.14228523046311664,3.711625575490157,-0.12061405322841329,-0.12265708933638197,-0.1325797733810791,8.978276840857184,-0.23648872017105496,-0.15675027022208035,-0.14935081199355485,-0.13311268828430547,-0.17338753590073486,-0.17117580690686846,-0.1608337587402006,-0.1230760537534676,-0.12394315997305108,-0.18902198729296876,-0.12376981784288588,-0.11975303710472059,-0.14176451610439014,-0.1383188980972646,-0.18433707326652513,-0.14075597768410064,-0.12094506751954037,-0.1672611982768258,-0.19860344618907771,-0.1693047839573925,-0.13158645471531422,-0.17668164939273,-0.13919579876322133,-0.14709173737707293,1.4169098728522782,-0.7098005310600505,-0.7342087577794206,-0.40703866324070626,-0.47286624374346037,-0.07142857142857141
-0.16419192091412277,-0.8522707059823377,-0.07086093494668493,2,-0.16310736745339036,-0.13931051669133637,-0.1210670106393374,-0.272459848482082,-0.12966864900119177,-0.12287727480484516,-0.13995608007414,-0.21168593274693365,-0.13689135113075995,-0.12105787008520184,-0.12327961953131979,-0.2088061612768204,-0.19422494769103033,-0.19092787918044743,-0.138589789677694,-0.2105204446279263,-0.16997253180875135,2.8642397284294105,-0.25166069244323896,-0.23323454718310543,-0.14228523046311664,-0.21343818702673792,-0.12061405322841329,-0.12265708933638197,-0.1325797733810791,-0.12343820641128608,-0.23648872017105496,-0.15675027022208035,-0.14935081199355485,-0.13311268828430547,-0.17338753590073486,-0.17117580690686846,-0.1608337587402006,-0.1230760537534676,7.878896240500009,-0.18902198729296876,-0.12376981784288588,-0.11975303710472059,-0.14176451610439014,-0.1383188980972646,-0.18433707326652513,-0.14075597768410064,-0.12094506751954037,-0.1672611982768258,-0.19860344618907771,-0.1693047839573925,-0.13158645471531422,-0.17668164939273,-0.13919579876322133,-0.14709173737707293,-0.7057611914207166,-0.7098005310600505,1.3620104492139977,-0.40703866324070626,-0.47286624374346037,-0.07142857142857141
-0.8635607516187623,1.358722927973488,-1.2197995509546637,2,-0.16310736745339036,-0.13931051669133637,-0.1210670106393374,-0.272459848482082,-0.12966864900119177,-0.12287727480484516,-0.13995608007414,-0.21168593274693365,-0.13689135113075995,-0.12105787008520184,-0.12327961953131979,-0.2088061612768204,-0.19422494769103033,-0.19092787918044743,-0.138589789677694,-0.2105204446279263,-0.16997253180875135,-0.3549270491056286,-0.25166069244323896,-0.23323454718310543,-0.14228523046311664,-0.21343818702673792,-0.12061405322841329,-0.12265708933638197,-0.1325797733810791,-0.12343820641128608,-0.23648872017105496,-0.15675027022208035,-0.14935081199355485,-0.13311268828430547,-0.17338753590073486,-0.17117580690686846,-0.1608337587402006,-0.1230760537534676,-0.12394315997305108,-0.18902198729296876,-0.12376981784288588,-0.11975303710472059,-0.14176451610439014,-0.1383188980972646,-0.18433707326652513,-0.14075597768410064,-0.12094506751954037,-0.1672611982768258,-0.19860344618907771,-0.1693047839573925,-0.13158645471531422,-0.17668164939273,-0.13919579876322133,-0.14709173737707293,-0.7057611914207166,-0.7098005310600505,-0.7342087577794206,-0.40703866324070626,-0.47286624374346037,-0.07142857142857141
0.5351769097905168,-1.128644910226816,1.4227592658636876,0,-0.16310736745339036,-0.13931051669133637,-0.1210670106393374,-0.272459848482082,-0.12966864900119177,-0.12287727480484516,-0.13995608007414,6.210859020398577,-0.13689135113075995,-0.12105787008520184,-0.12327961953131979,-0.2088061612768204,-0.19422494769103033,-0.19092787918044743,-0.138589789677694,-0.2105204446279263,-0.16997253180875135,-0.3549270491056286,-0.25166069244323896,-0.23323454718310543,-0.14228523046311664,-0.21343818702673792,-0.12061405322841329,-0.12265708933638197,-0.1325797733810791,-0.12343820641128608,-0.23648872017105496,-0.15675027022208035,-0.14935081199355485,-0.13311268828430547,-0.17338753590073486,-0.17117580690686846,-0.1608337587402006,-0.1230760537534676,-0.12394315997305108,-0.18902198729296876,-0.12376981784288588,-0.11975303710472059,-0.14176451610439014,-0.1383188980972646,-0.18433707326652513,-0.14075597768410064,-0.12094506751954037,-0.1672611982768258,-0.19860344618907771,-0.1693047839573925,-0.13158645471531422,-0.17668164939273,-0.13919579876322133,-0.14709173737707293,-0.7057611914207166,1.408846508619191,1.3620104492139977,-0.40703866324070626,-0.47286624374346037,-0.07142857142857141
0.8848613251428366,-1.4050191144712942,0.7333960962589003,2,-0.16310736745339036,-0.13931051669133637,-0.1210670106393374,-0.272459848482082,-0.12966864900119177,-0.12287727480484516,-0.13995608007414,-0.21168593274693365,-0.13689135113075995,-0.12105787008520184,-0.12327961953131979,-0.2088061612768204,-0.19422494769103033,-0.19092787918044743,-0.138589789677694,-0.2105204446279263,-0.16997253180875135,-0.3549270491056286,-0.25166069244323896,-0.23323454718310543,-0.14228523046311664,-0.21343818702673792,-0.12061405322841329,-0.12265708933638197,-0.1325797733810791,-0.12343820641128608,-0.23648872017105496,-0.15675027022208035,-0.14935081199355485,-0.13311268828430547,-0.17338753590073486,-0.17117580690686846,-0.1608337587402006,-0.1230760537534676,-0.12394315997305108,-0.18902198729296876,-0.12376981784288588,-0.11975303710472059,-0.14176451610439014,-0.1383188980972646,-0.18433707326652513,-0.14075597768410064,-0.12094506751954037,-0.1672611982768258,-0.19860344618907771,-0.1693047839573925,-0.13158645471531422,-0.17668164939273,-0.13919579876322133,-0.14709173737707293,1.4169098728522782,-0.7098005310600505,1.3620104492139977,-0.40703866324070626,-0.47286624374346037,-0.07142857142857141
-0.16419192091412277,0.5296003152400534,1.5376531274644856,2,-0.16310736745339036,-0.13931051669133637,-0.1210670106393374,-0.272459848482082,-0.12966864900119177,-0.12287727480484516,-0.13995608007414,-0.21168593274693365,-0.13689135113075995,-0.12105787008520184,-0.12327961953131979,-0.2088061612768204,-0.19422494769103033,-0.19092787918044743,-0.138589789677694,-0.2105204446279263,-0.16997253180875135,2.2388488068204384,-0.25166069244323896,-0.23323454718310543,-0.14228523046311664,-0.21343818702673792,-0.12061405322841329,-0.12265708933638197,-0.1325797733810791,-0.12343820641128608,3.7747711581792185,-0.15675027022208035,-0.14935081199355485,-0.13311268828430547,-0.17338753590073486,-0.17117580690686846,-0.1608337587402006,-0.1230760537534676,-0.12394315997305108,-0.18902198729296876,-0.12376981784288588,-0.11975303710472059,-0.14176451610439014,-0.1383188980972646,-0.18433707326652513,-0.14075597768410064,-0.12094506751954037,-0.1672611982768258,-0.19860344618907771,-0.1693047839573925,-0.13158645471531422,-0.17668164939273,-0.13919579876322133,-0.14709173737707293,1.4169098728522782,-0.7098005310600505,-0.7342087577794206,-0.40703866324070626,-0.47286624374346037,-0.07142857142857141
-1.9126139976757217,1.6350971322179662,0.7333960962589003,2,-0.16310736745339036,-0.13931051669133637,-0.1210670106393374,-0.272459848482082,-0.12966864900119177,-0.12287727480484516,-0.13995608007414,-0.21168593274693365,-0.13689135113075995,-0.12105787008520184,-0.12327961953131979,-0.2088061612768204,-0.19422494769103033,-0.19092787918044743,-0.138589789677694,-0.2105204446279263,-0.16997253180875135,-0.3549270491056286,-0.25166069244323896,-0.23323454718310543,-0.14228523046311664,-0.21343818702673792,-0.12061405322841329,-0.12265708933638197,-0.1325797733810791,-0.12343820641128608,-0.23648872017105496,6.98600478364886,-0.14935081199355485,-0.13311268828430547,-0.17338753590073486,-0.17117580690686846,-0.1608337587402006,-0.1230760537534676,-0.12394315997305108,-0.18902198729296876,-0.12376981784288588,-0.11975303710472059,-0.14176451610439014,-0.1383188980972646,-0.18433707326652513,-0.14075597768410064,-0.12094506751954037,-0.1672611982768258,-0.19860344618907771,-0.1693047839573925,-0.13158645471531422,-0.17668164939273,-0.13919579876322133,-0.14709173737707293,-0.7057611914207166,-0.7098005310600505,-0.7342087577794206,-0.40703866324070626,-0.47286624374346037,-0.07142857142857141
0.8848613251428366,-1.4050191144712942,0.15892678825491086,0,-0.16310736745339036,-0.13931051669133637,-0.1210670106393374,-0.272459848482082,-0.12966864900119177,-0.12287727480484516,-0.13995608007414,-0.21168593274693365,-0.13689135113075995,-0.12105787008520184,-0.12327961953131979,-0.2088061612768204,-0.19422494769103033,-0.19092787918044743,-0.138589789677694,-0.2105204446279263,-0.16997253180875135,3.8201571530217064,-0.25166069244323896,-0.23323454718310543,-0.14228523046311664,-0.21343818702673792,-0.12061405322841329,-0.12265708933638197,-0.1325797733810791,-0.12343820641128608,-0.23648872017105496,-0.15675027022208035,-0.14935081199355485,-0.13311268828430547,-0.17338753590073486,-0.17117580690686846,-0.1608337587402006,-0.1230760537534676,-0.12394315997305108,-0.18902198729296876,-0.12376981784288588,-0.11975303710472059,-0.14176451610439014,-0.1383188980972646,-0.18433707326652513,-0.14075597768410064,-0.12094506751954037,-0.1672611982768258,-0.19860344618907771,-0.1693047839573925,-0.13158645471531422,-0.17668164939273,-0.13919579876322133,-0.14709173737707293,-0.7057611914207166,-0.7098005310600505,-0.7342087577794206,-0.40703866324070626,-0.47286624374346037,-0.07142857142857141
-0.5138763362664426,0.5296003152400534,0.5036083730573045,1,-0.16310736745339036,-0.13931051669133637,-0.1210670106393374,-0.272459848482082,-0.12966864900119177,-0.12287727480484516,-0.13995608007414,-0.21168593274693365,-0.13689135113075995,-0.12105787008520184,-0.12327961953131979,3.61118764356941,-0.19422494769103033,-0.19092787918044743,-0.138589789677694,-0.2105204446279263,-0.16997253180875135,1.2581248397891318,-0.25166069244323896,2.2547919118427773,-0.14228523046311664,-0.21343818702673792,-0.12061405322841329,-0.12265708933638197,-0.1325797733810791,-0.12343820641128608,-0.23648872017105496,-0.15675027022208035,4.711557584138207,-0.13311268828430547,-0.17338753590073486,-0.17117580690686846,-0.1608337587402006,-0.1230760537534676,-0.12394315997305108,-0.18902198729296876,-0.12376981784288588,-0.11975303710472059,-0.14176451610439014,-0.1383188980972646,-0.18433707326652513,-0.14075597768410064,-0.12094506751954037,-0.1672611982768258,-0.19860344618907771,-0.1693047839573925,-0.13158645471531422,-0.17668164939273,-0.13919579876322133,-0.14709173737707293,-0.7057611914207166,1.408846508619191,-0.7342087577794206,2.456769074559977,-0.47286624374346037,-0.07142857142857141
0.18549249443819701,1.358722927973488,1.5376531274644856,1,-0.16310736745339036,-0.13931051669133637,-0.1210670106393374,-0.272459848482082,-0.12966864900119177,-0.12287727480484516,-0.13995608007414,-0.21168593274693365,-0.13689135113075995,-0.12105787008520184,-0.12327961953131979,-0.2088061612768204,-0.19422494769103033,-0.19092787918044743,-0.138589789677694,-0.2105204446279263,-0.16997253180875135,-0.3549270491056286,-0.25166069244323896,-0.23323454718310543,-0.14228523046311664,-0.21343818702673792,-0.12061405322841329,-0.12265708933638197,-0.1325797733810791,-0.12343820641128608,-0.23648872017105496,-0.15675027022208035,-0.14935081199355485,-0.13311268828430547,-0.17338753590073486,-0.17117580690686846,-0.1608337587402006,-0.1230760537534676,-0.12394315997305108,-0.18902198729296876,-0.12376981784288588,-0.11975303710472059,-0.14176451610439014,-0.1383188980972646,-0.18433707326652513,-0.14075597768410064,-0.12094506751954037,-0.1672611982768258,-0.19860344618907771,-0.1693047839573925,-0.13158645471531422,-0.17668164939273,-0.13919579876322133,-0.14709173737707293,-0.7057611914207166,1.408846508619191,1.3620104492139977,-0.40703866324070626,-0.47286624374346037,-0.07142857142857141
0.18549249443819701,1.0823487237290097,-0.8751179661522701,1,-0.16310736745339036,-0.13931051669133637,-0.1210670106393374,-0.272459848482082,-0.12966864900119177,-0.12287727480484516,-0.13995608007414,-0.21168593274693365,-0.13689135113075995,-0.12105787008520184,-0.12327961953131979,-0.2088061612768204,-0.19422494769103033,-0.19092787918044743,-0.138589789677694,-0.2105204446279263,-0.16997253180875135,-0.3549270491056286,-0.25166069244323896,-0.23323454718310543,-0.14228523046311664,-0.21343818702673792,-0.12061405322841329,-0.12265708933638197,-0.1325797733810791,-0.12343820641128608,-0.23648872017105496,-0.15675027022208035,-0.14935081199355485,-0.13311268828430547,-0.17338753590073486,-0.17117580690686846,-0.1608337587402006,-0.1230760537534676,-0.12394315997305108,-0.18902198729296876,-0.12376981784288588,-0.11975303710472059,-0.14176451610439014,-0.1383188980972646,-0.18433707326652513,-0.14075597768410064,-0.12094506751954037,-0.1672611982768258,-0.19860344618907771,8.684688541215118,-0.13158645471531422,-0.17668164939273,-0.13919579876322133,-0.14709173737707293,-0.7057611914207166,-0.7098005310600505,1.3620104492139977,-0.40703866324070626,-0.47286624374346037,-0.07142857142857141
-1.9126139976757217,1.6350971322179662,-1.6793749973578553,1,-0.16310736745339036,-0.13931051669133637,-0.1210670106393374,-0.272459848482082,-0.12966864900119177,-0.12287727480484516,-0.13995608007414,-0.21168593274693365,-0.13689135113075995,-0.12105787008520184,-0.12327961953131979,-0.2088061612768204,-0.19422494769103033,-0.19092787918044743,-0.138589789677694,-0.2105204446279263,-0.16997253180875135,-0.3549270491056286,-0.25166069244323896,-0.23323454718310543,-0.14228523046311664,-0.21343818702673792,-0.12061405322841329,-0.12265708933638197,-0.1325797733810791,-0.12343820641128608,-0.23648872017105496,-0.15675027022208035,-0.14935081199355485,-0.13311268828430547,-0.17338753590073486,-0.17117580690686846,-0.1608337587402006,-0.1230760537534676,-0.12394315997305108,-0.18902198729296876,-0.12376981784288588,-0.11975303710472059,-0.14176451610439014,-0.1383188980972646,-0.18433707326652513,-0.14075597768410064,-0.12094506751954037,-0.1672611982768258,-0.19860344618907771,-0.1693047839573925,-0.13158645471531422,-0.17668164939273,-0.13919579876322133,-0.14709173737707293,1.4169098728522782,-0.7098005310600505,1.3620104492139977,-0.40703866324070626,-0.47286624374346037,-0.07142857142857141
-0.16419192091412277,1.358722927973488,-1.6793749973578553,1,-0.16310736745339036,-0.13931051669133637,-0.1210670106393374,-0.272459848482082,-0.12966864900119177,-0.12287727480484516,-0.13995608007414,2.0762935336884967,-0.13689135113075995,-0.12105787008520184,-0.12327961953131979,-0.2088061612768204,-0.19422494769103033,-0.19092787918044743,-0.138589789677694,-0.2105204446279263,-0.16997253180875135,-0.3549270491056286,-0.25166069244323896,-0.23323454718310543,-0.14228523046311664,-0.21343818702673792,-0.12061405322841329,-0.12265708933638197,-0.1325797733810791,-0.12343820641128608,-0.23648872017105496,-0.15675027022208035,-0.14935081199355485,-0.13311268828430547,-0.17338753590073486,-0.17117580690686846,-0.1608337587402006,-0.1230760537534676,-0.12394315997305108,2.85922266805605,-0.12376981784288588,-0.11975303710472059,-0.14176451610439014,-0.1383188980972646,-0.18433707326652513,9.844019292683406,-0.12094506751954037,-0.1672611982768258,-0.19860344618907771,-0.1693047839573925,-0.13158645471531422,-0.17668164939273,-0.13919579876322133,-0.14709173737707293,-0.7057611914207166,1.408846508619191,1.3620104492139977,-0.40703866324070626,-0.47286624374346037,-0.07142857142857141
0.5351769097905168,-0.5758965017378596,-1.4495872741562597,1,-0.16310736745339036,-0.13931051669133637,-0.1210670106393374,-0.272459848482082,-0.12966864900119177,-0.12287727480484516,-0.13995608007414,-0.21168593274693365,-0.13689135113075995,-0.12105787008520184,-0.12327961953131979,-0.2088061612768204,-0.19422494769103033,-0.19092787918044743,-0.138589789677694,-0.2105204446279263,6.14325277197706,-0.3549270491056286,-0.25166069244323896,-0.23323454718310543,-0.14228523046311664,-0.21343818702673792,-0.12061405322841329,-0.12265708933638197,-0.1325797733810791,-0.12343820641128608,-0.23648872017105496,-0.15675027022208035,-0.14935081199355485,-0.13311268828430547,-0.17338753590073486,-0.17117580690686846,-0.1608337587402006,-0.1230760537534676,-0.12394315997305108,-0.18902198729296876,-0.12376981784288588,-0.11975303710472059,-0.14176451610439014,-0.1383188980972646,-0.18433707326652513,-0.14075597768410064,-0.12094506751954037,-0.1672611982768258,4.703328111139161,-0.1693047839573925,-0.13158645471531422,-0.17668164939273,-0.13919579876322133,-0.14709173737707293,-0.7057611914207166,1.408846508619191,-0.7342087577794206,2.456769074559977,-0.47286624374346037,-0.07142857142857141
0.5351769097905168,-1.128644910226816,1.4227592658636876,0,-0.16310736745339036,-0.13931051669133637,-0.1210670106393374,-0.272459848482082,-0.12966864900119177,-0.12287727480484516,-0.13995608007414,-0.21168593274693365,-0.13689135113075995,-0.12105787008520184,-0.12327961953131979,-0.2088061612768204,-0.19422494769103033,-0.19092787918044743,-0.138589789677694,-0.2105204446279263,-0.16997253180875135,3.8201571530217064,-0.25166069244323896,-0.23323454718310543,-0.14228523046311664,-0.21343818702673792,-0.12061405322841329,-0.12265708933638197,-0.1325797733810791,-0.12343820641128608,-0.23648872017105496,-0.15675027022208035,-0.14935081199355485,-0.13311268828430547,-0.17338753590073486,-0.17117580690686846,-0.1608337587402006,-0.1230760537534676,-0.12394315997305108,-0.18902198729296876,-0.12376981784288588,-0.11975303710472059,-0.14176451610439014,-0.1383188980972646,-0.18433707326652513,-0.14075597768410064,-0.12094506751954037,-0.1672611982768258,-0.19860344618907771,-0.1693047839573925,-0.13158645471531422,-0.17668164939273,-0.13919579876322133,-0.14709173737707293,1.4169098728522782,-0.7098005310600505,-0.7342087577794206,-0.40703866324070626,-0.47286624374346037,-0.07142857142857141
0.8848613251428366,-1.4050191144712942,0.8482899578596982,0,-0.16310736745339036,-0.13931051669133637,-0.1210670106393374,-0.272459848482082,-0.12966864900119177,-0.12287727480484516,-0.13995608007414,-0.21168593274693365,-0.13689135113075995,-0.12105787008520184,-0.12327961953131979,-0.2088061612768204,-0.19422494769103033,-0.19092787918044743,-0.138589789677694,-0.2105204446279263,-0.16997253180875135,-0.3549270491056286,-0.25166069244323896,-0.23323454718310543,-0.14228523046311664,-0.21343818702673792,-0.12061405322841329,-0.12265708933638197,-0.1325797733810791,-0.12343820641128608,-0.23648872017105496,-0.15675027022208035,-0.14935081199355485,-0.13311268828430547,-0.17338753590073486,-0.17117580690686846,-0.1608337587402006,-0.1230760537534676,-0.12394315997305108,-0.18902198729296876,-0.12376981784288588,-0.11975303710472059,-0.14176451610439014,-0.1383188980972646,-0.18433707326652513,-0.14075597768410064,-0.12094506751954037,-0.1672611982768258,-0.19860344618907771,4.868276786663041,-0.13158645471531422,4.393586779249131,-0.13919579876322133,5.092001458168097,-0.7057611914207166,-0.7098005310600505,1.3620104492139977,-0.40703866324070626,-0.47286624374346037,-0.07142857142857141
0.8848613251428366,0.5296003152400534,1.192971542662092,0,-0.16310736745339036,-0.13931051669133637,-0.1210670106393374,-0.272459848482082,-0.12966864900119177,10.04310609617824,-0.13995608007414,-0.21168593274693365,-0.13689135113075995,-0.12105787008520184,-0.12327961953131979,-0.2088061612768204,-0.19422494769103033,-0.19092787918044743,-0.138589789677694,-0.2105204446279263,-0.16997253180875135,-0.3549270491056286,-0.25166069244323896,2.8653773545857564,-0.14228523046311664,-0.21343818702673792,-0.12061405322841329,-0.12265708933638197,-0.1325797733810791,-0.12343820641128608,-0.23648872017105496,-0.15675027022208035,-0.14935081199355485,-0.13311268828430547,-0.17338753590073486,-0.17117580690686846,-0.1608337587402006,-0.1230760537534676,-0.12394315997305108,-0.18902198729296876,-0.12376981784288588,-0.11975303710472059,-0.14176451610439014,-0.1383188980972646,-0.18433707326652513,-0.14075597768410064,-0.12094506751954037,-0.1672611982768258,-0.19860344618907771,-0.1693047839573925,-0.13158645471531422,-0.17668164939273,-0.13919579876322133,-0.14709173737707293,-0.7057611914207166,-0.7098005310600505,-0.7342087577794206,-0.40703866324070626,-0.47286624374346037,-0.07142857142857141
-1.2132451669710822,0.2532261109955751,0.27382064985570875,1,-0.16310736745339036,-0.13931051669133637,11.231149601746862,-0.272459848482082,-0.12966864900119177,-0.12287727480484516,-0.13995608007414,-0.21168593274693365,-0.13689135113075995,-0.12105787008520184,-0.12327961953131979,-0.2088061612768204,-0.19422494769103033,-0.19092787918044743,-0.138589789677694,-0.2105204446279263,-0.16997253180875135,-0.3549270491056286,-0.25166069244323896,-0.23323454718310543,-0.14228523046311664,-0.21343818702673792,-0.12061405322841329,-0.12265708933638197,-0.1325797733810791,-0.12343820641128608,-0.23648872017105496,-0.15675027022208035,-0.14935081199355485,-0.13311268828430547,-0.17338753590073486,-0.17117580690686846,-0.1608337587402006,-0.1230760537534676,-0.12394315997305108,-0.18902198729296876,-0.12376981784288588,-0.11975303710472059,-0.14176451610439014,-0.1383188980972646,-0.18433707326652513,-0.14075597768410064,-0.12094506751954037,-0.1672611982768258,-0.19860344618907771,-0.1693047839573925,-0.13158645471531422,-0.17668164939273,-0.13919579876322133,-0.14709173737707293,-0.7057611914207166,-0.7098005310600505,1.3620104492139977,-0.40703866324070626,-0.47286624374346037,-0.07142857142857141
-0.16419192091412277,1.358722927973488,1.5376531274644856,0,-0.16310736745339036,-0.13931051669133637,-0.1210670106393374,-0.272459848482082,-0.12966864900119177,-0.12287727480484516,-0.13995608007414,-0.21168593274693365,-0.13689135113075995,-0.12105787008520184,-0.12327961953131979,-0.2088061612768204,-0.19422494769103033,-0.19092787918044743,-0.138589789677694,-0.2105204446279263,-0.16997253180875135,-0.3549270491056286,-0.25166069244323896,-0.23323454718310543,-0.14228523046311664,-0.21343818702673792,-0.12061405322841329,-0.12265708933638197,-0.1325797733810791,-0.12343820641128608,-0.23648872017105496,-0.15675027022208035,-0.14935081199355485,-0.13311268828430547,6.494965675098376,-0.17117580690686846,-0.1608337587402006,-0.1230760537534676,-0.12394315997305108,-0.18902198729296876,-0.12376981784288588,-0.11975303710472059,-0.14176451610439014,-0.1383188980972646,-0.18433707326652513,-0.14075597768410064,-0.12094506751954037,-0.1672611982768258,-0.19860344618907771,-0.1693047839573925,-0.13158645471531422,-0.17668164939273,-0.13919579876322133,-0.14709173737707293,-0.7057611914207166,1.408846508619191,-0.7342087577794206,-0.40703866324070626,2.1147629234082532,-0.07142857142857141
-0.16419192091412277,0.5296003152400534,-0.8751179661522701,0,-0.16310736745339036,-0.13931051669133637,-0.1210670106393374,-0.272459848482082,-0.12966864900119177,-0.12287727480484516,-0.13995608007414,-0.21168593274693365,-0.13689135113075995,-0.12105787008520184,-0.12327961953131979,-0.2088061612768204,-0.19422494769103033,-0.19092787918044743,-0.138589789677694,-0.2105204446279263,-0.16997253180875135,-0.3549270491056286,-0.25166069244323896,-0.23323454718310543,-0.14228523046311664,-0.21343818702673792,-0.12061405322841329,-0.12265708933638197,-0.1325797733810791,-0.12343820641128608,-0.23648872017105496,-0.15675027022208035,-0.14935081199355485,-0.13311268828430547,-0.17338753590073486,-0.17117580690686846,-0.1608337587402006,-0.1230760537534676,-0.12394315997305108,-0.18902198729296876,-0.12376981784288588,-0.11975303710472059,-0.14176451610439014,-0.1383188980972646,-0.18433707326652513,-0.14075597768410064,-0.12094506751954037,-0.1672611982768258,-0.19860344618907771,-0.1693047839573925,-0.13158645471531422,-0.17668164939273,-0.13919579876322133,-0.14709173737707293,-0.7057611914207166,-0.7098005310600505,-0.7342087577794206,-0.40703866324070626,-0.47286624374346037,-0.07142857142857141
0.8848613251428366,-1.128644910226816,-1.6793749973578553,1,-0.16310736745339036,-0.13931051669133637,-0.1210670106393374,-0.272459848482082,-0.12966864900119177,-0.12287727480484516,-0.13995608007414,-0.21168593274693365,-0.13689135113075995,-0.12105787008520184,-0.12327961953131979,-0.2088061612768204,-0.19422494769103033,-0.19092787918044743,-0.138589789677694,-0.2105204446279263,-0.16997253180875135,-0.3549270491056286,-0.25166069244323896,-0.23323454718310543,-0.14228523046311664,-0.21343818702673792,-0.12061405322841329,-0.12265708933638197,-0.1325797733810791,-0.12343820641128608,-0.23648872017105496,-0.15675027022208035,-0.14935081199355485,-0.13311268828430547,-0.17338753590073486,-0.17117580690686846,-0.1608337587402006,-0.1230760537534676,-0.12394315997305108,-0.18902198729296876,-0.12376981784288588,-0.11975303710472059,-0.14176451610439014,8.141689098066443,-0.18433707326652513,-0.14075597768410064,-0.12094506751954037,-0.1672611982768258,-0.19860344618907771,-0.1693047839573925,-0.13158645471531422,-0.17668164939273,-0.13919579876322133,-0.14709173737707293,1.4169098728522782,-0.7098005310600505,1.3620104492139977,-0.40703866324070626,-0.47286624374346037,-0.07142857142857141
-1.562929582323402,1.358722927973488,-0.07086093494668493,0,-0.16310736745339036,-0.13931051669133637,-0.1210670106393374,-0.272459848482082,-0.12966864900119177,-0.12287727480484516,-0.13995608007414,-0.21168593274693365,-0.13689135113075995,-0.12105787008520184,-0.12327961953131979,-0.2088061612768204,-0.19422494769103033,-0.19092787918044743,-0.138589789677694,-0.2105204446279263,-0.16997253180875135,-0.3549270491056286,-0.25166069244323896,-0.23323454718310543,-0.14228523046311664,-0.21343818702673792,-0.12061405322841329,-0.12265708933638197,-0.1325797733810791,-0.12343820641128608,-0.23648872017105496,-0.15675027022208035,-0.14935081199355485,-0.13311268828430547,-0.17338753590073486,-0.17117580690686846,-0.1608337587402006,-0.1230760537534676,-0.12394315997305108,-0.18902198729296876,-0.12376981784288588,-0.11975303710472059,-0.14176451610439014,-0.1383188980972646,-0.18433707326652513,-0.14075597768410064,-0.12094506751954037,-0.1672611982768258,-0.19860344618907771,-0.1693047839573925,-0.13158645471531422,7.993135152402496,-0.13919579876322133,-0.14709173737707293,-0.7057611914207166,1.408846508619191,1.3620104492139977,-0.40703866324070626,-0.47286624374346037,-0.07142857142857141
-0.8635607516187623,1.6350971322179662,-1.2197995509546637,0,-0.16310736745339036,-0.13931051669133637,-0.1210670106393374,-0.272459848482082,-0.12966864900119177,-0.12287727480484516,-0.13995608007414,-0.21168593274693365,-0.13689135113075995,-0.12105787008520184,-0.12327961953131979,-0.2088061612768204,-0.19422494769103033,-0.19092787918044743,-0.138589789677694,-0.2105204446279263,-0.16997253180875135,-0.3549270491056286,-0.25166069244323896,-0.23323454718310543,6.713241546408348,2.934168653773972,-0.12061405322841329,-0.12265708933638197,-0.1325797733810791,7.1754548254385835,-0.23648872017105496,-0.15675027022208035,-0.14935081199355485,-0.13311268828430547,-0.17338753590073486,-0.17117580690686846,-0.1608337587402006,-0.1230760537534676,-0.12394315997305108,-0.18902198729296876,-0.12376981784288588,-0.11975303710472059,-0.14176451610439014,-0.1383188980972646,-0.18433707326652513,-0.14075597768410064,-0.12094506751954037,-0.1672611982768258,-0.19860344618907771,-0.1693047839573925,-0.13158645471531422,-0.17668164939273,-0.13919579876322133,-0.14709173737707293,1.4169098728522782,-0.7098005310600505,1.3620104492139977,-0.40703866324070626,-0.47286624374346037,-0.07142857142857141
0.18549249443819701,1.6350971322179662,-0.8751179661522701,1,-0.16310736745339036,-0.13931051669133637,-0.1210670106393374,-0.272459848482082,9.272619299445731,-0.12287727480484516,-0.13995608007414,-0.21168593274693365,-0.13689135113075995,-0.12105787008520184,-0.12327961953131979,-0.2088061612768204,-0.19422494769103033,-0.19092787918044743,-0.138589789677694,-0.2105204446279263,-0.16997253180875135,-0.3549270491056286,-0.25166069244323896,-0.23323454718310543,-0.14228523046311664,-0.21343818702673792,-0.12061405322841329,-0.12265708933638197,-0.1325797733810791,-0.12343820641128608,-0.23648872017105496,-0.15675027022208035,-0.14935081199355485,-0.13311268828430547,-0.17338753590073486,-0.17117580690686846,-0.1608337587402006,-0.1230760537534676,-0.12394315997305108,-0.18902198729296876,-0.12376981784288588,-0.11975303710472059,-0.14176451610439014,-0.1383188980972646,-0.18433707326652513,-0.14075597768410064,-0.12094506751954037,-0.1672611982768258,-0.19860344618907771,-0.1693047839573925,-0.13158645471531422,-0.17668164939273,-0.13919579876322133,-0.14709173737707293,1.4169098728522782,-0.7098005310600505,-0.7342087577794206,-0.40703866324070626,-0.47286624374346037,-0.07142857142857141
0.8848613251428366,-1.4050191144712942,1.4227592658636876,1,-0.16310736745339036,4.838601934591487,-0.1210670106393374,-0.272459848482082,-0.12966864900119177,-0.12287727480484516,5.112809323298133,-0.21168593274693365,-0.13689135113075995,-0.12105787008520184,-0.12327961953131979,-0.2088061612768204,-0.19422494769103033,-0.19092787918044743,-0.138589789677694,-0.2105204446279263,-0.16997253180875135,-0.3549270491056286,-0.25166069244323896,-0.23323454718310543,-0.14228523046311664,-0.21343818702673792,-0.12061405322841329,-0.12265708933638197,-0.1325797733810791,-0.12343820641128608,-0.23648872017105496,3.2538067762599763,-0.14935081199355485,-0.13311268828430547,-0.17338753590073486,-0.17117580690686846,-0.1608337587402006,-0.1230760537534676,-0.12394315997305108,-0.18902198729296876,6.742968488602276,-0.11975303710472059,-0.14176451610439014,-0.1383188980972646,-0.18433707326652513,-0.14075597768410064,-0.12094506751954037,-0.1672611982768258,-0.19860344618907771,-0.1693047839573925,-0.13158645471531422,-0.17668164939273,-0.13919579876322133,-0.14709173737707293,-0.7057611914207166,-0.7098005310600505,-0.7342087577794206,-0.40703866324070626,-0.47286624374346037,-0.07142857142857141
0.8848613251428366,-1.4050191144712942,1.3078654042628897,0,-0.16310736745339036,-0.13931051669133637,-0.1210670106393374,-0.272459848482082,-0.12966864900119177,-0.12287727480484516,-0.13995608007414,-0.21168593274693365,-0.13689135113075995,-0.12105787008520184,-0.12327961953131979,-0.2088061612768204,-0.19422494769103033,-0.19092787918044743,-0.138589789677694,-0.2105204446279263,-0.16997253180875135,-0.3549270491056286,-0.25166069244323896,-0.23323454718310543,-0.14228523046311664,-0.21343818702673792,-0.12061405322841329,-0.12265708933638197,-0.1325797733810791,-0.12343820641128608,-0.23648872017105496,-0.15675027022208035,-0.14935081199355485,-0.13311268828430547,-0.17338753590073486,-0.17117580690686846,-0.1608337587402006,-0.1230760537534676,-0.12394315997305108,-0.18902198729296876,-0.12376981784288588,-0.11975303710472059,8.455395948950503,-0.1383188980972646,-0.18433707326652513,-0.14075597768410064,-0.12094506751954037,-0.1672611982768258,-0.19860344618907771,-0.1693047839573925,-0.13158645471531422,-0.17668164939273,-0.13919579876322133,-0.14709173737707293,-0.7057611914207166,-0.7098005310600505,-0.7342087577794206,-0.40703866324070626,-0.47286624374346037,-0.07142857142857141
0.8848613251428366,1.0823487237290097,-0.1857547965474828,2,-0.16310736745339036,-0.13931051669133637,-0.1210670106393374,-0.272459848482082,-0.12966864900119177,-0.12287727480484516,-0.13995608007414,-0.21168593274693365,-0.13689135113075995,-0.12105787008520184,-0.12327961953131979,-0.2088061612768204,-0.19422494769103033,-0.19092787918044743,6.7627310290080365,-0.2105204446279263,-0.16997253180875135,-0.3549270491056286,-0.25166069244323896,-0.23323454718310543,-0.14228523046311664,-0.21343818702673792,-0.12061405322841329,-0.12265708933638197,-0.1325797733810791,-0.12343820641128608,-0.23648872017105496,-0.15675027022208035,-0.14935081199355485,-0.13311268828430547,-0.17338753590073486,-0.17117580690686846,-0.1608337587402006,-0.1230760537534676,-0.12394315997305108,4.296150446065094,-0.12376981784288588,-0.11975303710472059,-0.14176451610439014,-0.1383188980972646,-0.18433707326652513,-0.14075597768410064,-0.12094506751954037,-0.1672611982768258,3.707705603727988,-0.1693047839573925,-0.13158645471531422,-0.17668164939273,-0.13919579876322133,-0.14709173737707293,-0.7057611914207166,-0.7098005310600505,-0.7342087577794206,-0.40703866324070626,2.1147629234082532,-0.07142857142857141
0.8848613251428366,-1.4050191144712942,1.3078654042628897,0,-0.16310736745339036,-0.13931051669133637,8.109010585800819,-0.272459848482082,-0.12966864900119177,-0.12287727480484516,7.119202245754938,-0.21168593274693365,-0.13689135113075995,-0.12105787008520184,-0.12327961953131979,-0.2088061612768204,-0.19422494769103033,-0.19092787918044743,-0.138589789677694,-0.2105204446279263,-0.16997253180875135,-0.3549270491056286,-0.25166069244323896,-0.23323454718310543,-0.14228523046311664,-0.21343818702673792,-0.12061405322841329,-0.12265708933638197,-0.1325797733810791,-0.12343820641128608,-0.23648872017105496,-0.15675027022208035,-0.14935081199355485,-0.13311268828430547,-0.17338753590073486,-0.17117580690686846,-0.1608337587402006,-0.1230760537534676,-0.12394315997305108,-0.18902198729296876,-0.12376981784288588,-0.11975303710472059,-0.14176451610439014,-0.1383188980972646,-0.18433707326652513,-0.14075597768410064,-0.12094506751954037,-0.1672611982768258,-0.19860344618907771,-0.1693047839573925,-0.13158645471531422,-0.17668164939273,-0.13919579876322133,-0.14709173737707293,-0.7057611914207166,1.408846508619191,1.3620104492139977,-0.40703866324070626,-0.47286624374346037,-0.07142857142857141
-0.16419192091412277,-0.5758965017378596,-1.5644811357570574,1,-0.16310736745339036,-0.13931051669133637,-0.1210670106393374,-0.272459848482082,-0.12966864900119177,-0.12287727480484516,-0.13995608007414,-0.21168593274693365,-0.13689135113075995,-0.12105787008520184,-0.12327961953131979,-0.2088061612768204,-0.19422494769103033,-0.19092787918044743,-0.138589789677694,-0.2105204446279263,-0.16997253180875135,-0.3549270491056286,-0.25166069244323896,-0.23323454718310543,-0.14228523046311664,-0.21343818702673792,-0.12061405322841329,-0.12265708933638197,-0.1325797733810791,-0.12343820641128608,-0.23648872017105496,-0.15675027022208035,-0.14935081199355485,-0.13311268828430547,-0.17338753590073486,-0.17117580690686846,-0.1608337587402006,-0.1230760537534676,-0.12394315997305108,-0.18902198729296876,-0.12376981784288588,8.467283699247892,-0.14176451610439014,-0.1383188980972646,-0.18433707326652513,-0.14075597768410064,-0.12094506751954037,-0.1672611982768258,-0.19860344618907771,-0.1693047839573925,-0.13158645471531422,-0.17668164939273,6.314009282381527,-0.14709173737707293,1.4169098728522782,-0.7098005310600505,-0.7342087577794206,-0.40703866324070626,-0.47286624374346037,-0.07142857142857141
-1.9126139976757217,0.8059745194845316,-1.6793749973578553,0,-0.16310736745339036,-0.13931051669133637,-0.1210670106393374,-0.272459848482082,-0.12966864900119177,-0.12287727480484516,-0.13995608007414,4.503908007195369,-0.13689135113075995,-0.12105787008520184,-0.12327961953131979,-0.2088061612768204,-0.19422494769103033,-0.19092787918044743,-0.138589789677694,-0.2105204446279263,-0.16997253180875135,-0.3549270491056286,3.895713116243803,-0.23323454718310543,-0.14228523046311664,-0.21343818702673792,-0.12061405322841329,-0.12265708933638197,-0.1325797733810791,-0.12343820641128608,-0.23648872017105496,-0.15675027022208035,-0.14935081199355485,-0.13311268828430547,-0.17338753590073486,-0.17117580690686846,-0.1608337587402006,-0.1230760537534676,-0.12394315997305108,-0.18902198729296876,-0.12376981784288588,-0.11975303710472059,-0.14176451610439014,-0.1383188980972646,-0.18433707326652513,-0.14075597768410064,-0.12094506751954037,-0.1672611982768258,-0.19860344618907771,-0.1693047839573925,-0.13158645471531422,-0.17668164939273,-0.13919579876322133,-0.14709173737707293,1.4169098728522782,-0.7098005310600505,-0.7342087577794206,-0.40703866324070626,-0.47286624374346037,-0.07142857142857141
0.8848613251428366,0.8059745194845316,-0.9900118277530681,1,-0.16310736745339036,9.848453747839434,-0.1210670106393374,-0.272459848482082,-0.12966864900119177,-0.12287727480484516,-0.13995608007414,-0.21168593274693365,-0.13689135113075995,-0.12105787008520184,-0.12327961953131979,-0.2088061612768204,-0.19422494769103033,-0.19092787918044743,-0.138589789677694,-0.2105204446279263,-0.16997253180875135,-0.3549270491056286,-0.25166069244323896,-0.23323454718310543,-0.14228523046311664,-0.21343818702673792,-0.12061405322841329,-0.12265708933638197,-0.1325797733810791,-0.12343820641128608,-0.23648872017105496,-0.15675027022208035,-0.14935081199355485,-0.13311268828430547,-0.17338753590073486,-0.17117580690686846,-0.1608337587402006,-0.1230760537534676,-0.12394315997305108,-0.18902198729296876,-0.12376981784288588,-0.11975303710472059,-0.14176451610439014,-0.1383188980972646,-0.18433707326652513,-0.14075597768410064,-0.12094506751954037,-0.1672611982768258,-0.19860344618907771,-0.1693047839573925,-0.13158645471531422,-0.17668164939273,-0.13919579876322133,-0.14709173737707293,-0.7057611914207166,1.408846508619191,-0.7342087577794206,2.456769074559977,-0.47286624374346037,-0.07142857142857141
-1.2132451669710822,-0.8522707059823377,1.4227592658636876,0,-0.16310736745339036,-0.13931051669133637,-0.1210670106393374,3.910697614479293,-0.12966864900119177,-0.12287727480484516,-0.13995608007414,-0.21168593274693365,-0.13689135113075995,-0.12105787008520184,-0.12327961953131979,-0.2088061612768204,-0.19422494769103033,-0.19092787918044743,-0.138589789677694,-0.2105204446279263,-0.16997253180875135,-0.3549270491056286,-0.25166069244323896,-0.23323454718310543,-0.14228523046311664,-0.21343818702673792,-0.12061405322841329,-0.12265708933638197,-0.1325797733810791,-0.12343820641128608,-0.23648872017105496,-0.15675027022208035,-0.14935081199355485,-0.13311268828430547,-0.17338753590073486,-0.17117580690686846,-0.1608337587402006,-0.1230760537534676,-0.12394315997305108,-0.18902198729296876,-0.12376981784288588,-0.11975303710472059,-0.14176451610439014,-0.1383188980972646,-0.18433707326652513,-0.14075597768410064,-0.12094506751954037,-0.1672611982768258,5.243347925292352,-0.1693047839573925,-0.13158645471531422,-0.17668164939273,-0.13919579876322133,-0.14709173737707293,-0.7057611914207166,-0.7098005310600505,-0.7342087577794206,-0.40703866324070626,-0.47286624374346037,-0.07142857142857141
-0.5138763362664426,-0.023148093248903084,-0.6453302429506743,1,-0.16310736745339036,-0.13931051669133637,-0.1210670106393374,-0.272459848482082,-0.12966864900119177,-0.12287727480484516,-0.13995608007414,-0.21168593274693365,-0.13689135113075995,-0.12105787008520184,-0.12327961953131979,-0.2088061612768204,-0.19422494769103033,-0.19092787918044743,-0.138589789677694,-0.2105204446279263,-0.16997253180875135,-0.3549270491056286,-0.25166069244323896,-0.23323454718310543,-0.14228523046311664,-0.21343818702673792,-0.12061405322841329,-0.12265708933638197,-0.1325797733810791,-0.12343820641128608,-0.23648872017105496,-0.15675027022208035,-0.14935081199355485,-0.13311268828430547,-0.17338753590073486,-0.17117580690686846,-0.1608337587402006,-0.1230760537534676,-0.12394315997305108,-0.18902198729296876,-0.12376981784288588,-0.11975303710472059,-0.14176451610439014,-0.1383188980972646,-0.18433707326652513,-0.14075597768410064,-0.12094506751954037,-0.1672611982768258,-0.19860344618907771,-0.1693047839573925,-0.13158645471531422,-0.17668164939273,-0.13919579876322133,-0.14709173737707293,1.4169098728522782,-0.7098005310600505,1.3620104492139977,-0.40703866324070626,-0.47286624374346037,-0.07142857142857141
0.8848613251428366,-0.8522707059823377,-1.6793749973578553,2,-0.16310736745339036,-0.13931051669133637,-0.1210670106393374,-0.272459848482082,-0.12966864900119177,-0.12287727480484516,-0.13995608007414,6.210859020398577,-0.13689135113075995,-0.12105787008520184,-0.12327961953131979,-0.2088061612768204,-0.19422494769103033,-0.19092787918044743,-0.138589789677694,-0.2105204446279263,-0.16997253180875135,-0.3549270491056286,-0.25166069244323896,-0.23323454718310543,-0.14228523046311664,-0.21343818702673792,-0.12061405322841329,-0.12265708933638197,-0.1325797733810791,-0.12343820641128608,-0.23648872017105496,-0.15675027022208035,-0.14935081199355485,-0.13311268828430547,-0.17338753590073486,-0.17117580690686846,-0.1608337587402006,-0.1230760537534676,-0.12394315997305108,-0.18902198729296876,-0.12376981784288588,-0.11975303710472059,-0.14176451610439014,-0.1383188980972646,-0.18433707326652513,-0.14075597768410064,-0.12094506751954037,-0.1672611982768258,-0.19860344618907771,-0.1693047839573925,-0.13158645471531422,-0.17668164939273,-0.13919579876322133,-0.14709173737707293,1.4169098728522782,-0.7098005310600505,1.3620104492139977,-0.40703866324070626,-0.47286624374346037,-0.07142857142857141
-0.8635607516187623,-0.023148093248903084,-0.07086093494668493,2,-0.16310736745339036,-0.13931051669133637,-0.1210670106393374,-0.272459848482082,-0.12966864900119177,-0.12287727480484516,-0.13995608007414,-0.21168593274693365,-0.13689135113075995,-0.12105787008520184,-0.12327961953131979,-0.2088061612768204,-0.19422494769103033,-0.19092787918044743,-0.138589789677694,-0.2105204446279263,-0.16997253180875135,-0.3549270491056286,-0.25166069244323896,-0.23323454718310543,-0.14228523046311664,-0.21343818702673792,-0.12061405322841329,-0.12265708933638197,-0.1325797733810791,-0.12343820641128608,-0.23648872017105496,-0.15675027022208035,-0.14935081199355485,-0.13311268828430547,-0.17338753590073486,7.6607396468484,-0.1608337587402006,-0.1230760537534676,-0.12394315997305108,-0.18902198729296876,-0.12376981784288588,-0.11975303710472059,-0.14176451610439014,-0.1383188980972646,-0.18433707326652513,-0.14075597768410064,-0.12094506751954037,-0.1672611982768258,-0.19860344618907771,-0.1693047839573925,-0.13158645471531422,-0.17668164939273,-0.13919579876322133,-0.14709173737707293,-0.7057611914207166,1.408846508619191,-0.7342087577794206,-0.40703866324070626,-0.47286624374346037,-0.07142857142857141
0.5351769097905168,1.0823487237290097,-0.8751179661522701,2,-0.16310736745339036,-0.13931051669133637,-0.1210670106393374,-0.272459848482082,-0.12966864900119177,-0.12287727480484516,-0.13995608007414,-0.21168593274693365,-0.13689135113075995,-0.12105787008520184,-0.12327961953131979,-0.2088061612768204,-0.19422494769103033,-0.19092787918044743,-0.138589789677694,-0.2105204446279263,-0.16997253180875135,-0.3549270491056286,-0.25166069244323896,-0.23323454718310543,-0.14228523046311664,-0.21343818702673792,-0.12061405322841329,-0.12265708933638197,-0.1325797733810791,-0.12343820641128608,-0.23648872017105496,-0.15675027022208035,-0.14935081199355485,-0.13311268828430547,4.618893714764771,-0.17117580690686846,-0.1608337587402006,-0.1230760537534676,-0.12394315997305108,-0.18902198729296876,-0.12376981784288588,-0.11975303710472059,-0.14176451610439014,-0.1383188980972646,4.921830727197431,-0.14075597768410064,-0.12094506751954037,-0.1672611982768258,-0.19860344618907771,-0.1693047839573925,-0.13158645471531422,-0.17668164939273,-0.13919579876322133,-0.14709173737707293,-0.7057611914207166,-0.7098005310600505,-0.7342087577794206,-0.40703866324070626,2.1147629234082532,-0.07142857142857141
0.5351769097905168,-0.5758965017378596,-1.2197995509546637,2,-0.16310736745339036,-0.13931051669133637,-0.1210670106393374,-0.272459848482082,-0.12966864900119177,-0.12287727480484516,-0.13995608007414,-0.21168593274693365,-0.13689135113075995,-0.12105787008520184,-0.12327961953131979,-0.2088061612768204,-0.19422494769103033,-0.19092787918044743,-0.138589789677694,-0.2105204446279263,-0.16997253180875135,-0.3549270491056286,-0.25166069244323896,-0.23323454718310543,-0.14228523046311664,-0.21343818702673792,-0.12061405322841329,-0.12265708933638197,-0.1325797733810791,-0.12343820641128608,-0.23648872017105496,-0.15675027022208035,-0.14935081199355485,-0.13311268828430547,-0.17338753590073486,-0.17117580690686846,-0.1608337587402006,-0.1230760537534676,-0.12394315997305108,-0.18902198729296876,-0.12376981784288588,-0.11975303710472059,-0.14176451610439014,-0.1383188980972646,-0.18433707326652513,-0.14075597768410064,-0.12094506751954037,-0.1672611982768258,-0.19860344618907771,-0.1693047839573925,-0.13158645471531422,-0.17668164939273,-0.13919579876322133,-0.14709173737707293,1.4169098728522782,-0.7098005310600505,-0.7342087577794206,-0.40703866324070626,-0.47286624374346037,-0.07142857142857141
0.18549249443819701,1.358722927973488,-0.9900118277530681,1,-0.16310736745339036,-0.13931051669133637,-0.1210670106393374,-0.272459848482082,-0.12966864900119177,-0.12287727480484516,-0.13995608007414,-0.21168593274693365,-0.13689135113075995,-0.12105787008520184,-0.12327961953131979,-0.2088061612768204,-0.19422494769103033,-0.19092787918044743,-0.138589789677694,-0.2105204446279263,-0.16997253180875135,-0.3549270491056286,-0.25166069244323896,-0.23323454718310543,-0.14228523046311664,4.3380328988229975,-0.12061405322841329,-0.12265708933638197,-0.1325797733810791,-0.12343820641128608,3.317943968472722,-0.15675027022208035,-0.14935081199355485,-0.13311268828430547,-0.17338753590073486,-0.17117580690686846,-0.1608337587402006,-0.1230760537534676,-0.12394315997305108,-0.18902198729296876,-0.12376981784288588,-0.11975303710472059,-0.14176451610439014,-0.1383188980972646,-0.18433707326652513,-0.14075597768410064,-0.12094506751954037,-0.1672611982768258,-0.19860344618907771,-0.1693047839573925,-0.13158645471531422,-0.17668164939273,-0.13919579876322133,-0.14709173737707293,-0.7057611914207166,1.408846508619191,1.3620104492139977,-0.40703866324070626,-0.47286624374346037,-0.07142857142857141
0.8848613251428366,-1.128644910226816,0.04403292665411297,1,-0.16310736745339036,-0.13931051669133637,-0.1210670106393374,-0.272459848482082,-0.12966864900119177,-0.12287727480484516,-0.13995608007414,-0.21168593274693365,-0.13689135113075995,-0.12105787008520184,-0.12327961953131979,-0.2088061612768204,-0.19422494769103033,4.7451845258286935,-0.138589789677694,-0.2105204446279263,-0.16997253180875135,-0.3549270491056286,-0.25166069244323896,-0.23323454718310543,-0.14228523046311664,-0.21343818702673792,-0.12061405322841329,-0.12265708933638197,-0.1325797733810791,-0.12343820641128608,-0.23648872017105496,-0.15675027022208035,-0.14935081199355485,-0.13311268828430547,-0.17338753590073486,-0.17117580690686846,-0.1608337587402006,-0.1230760537534676,-0.12394315997305108,-0.18902198729296876,-0.12376981784288588,-0.11975303710472059,-0.14176451610439014,-0.1383188980972646,-0.18433707326652513,-0.14075597768410064,-0.12094506751954037,-0.1672611982768258,-0.19860344618907771,-0.1693047839573925,-0.13158645471531422,-0.17668164939273,6.895461601410506,-0.14709173737707293,1.4169098728522782,-0.7098005310600505,-0.7342087577794206,-0.40703866324070626,-0.47286624374346037,-0.07142857142857141
0.8848613251428366,0.5296003152400534,-1.104905689353866,1,-0.16310736745339036,-0.13931051669133637,-0.1210670106393374,-0.272459848482082,-0.12966864900119177,-0.12287727480484516,-0.13995608007414,-0.21168593274693365,-0.13689135113075995,-0.12105787008520184,-0.12327961953131979,6.412984824594897,-0.19422494769103033,3.2637217744120606,-0.138589789677694,-0.2105204446279263,-0.16997253180875135,-0.3549270491056286,-0.25166069244323896,-0.23323454718310543,-0.14228523046311664,-0.21343818702673792,-0.12061405322841329,-0.12265708933638197,-0.1325797733810791,-0.12343820641128608,-0.23648872017105496,-0.15675027022208035,-0.14935081199355485,-0.13311268828430547,-0.17338753590073486,-0.17117580690686846,-0.1608337587402006,-0.1230760537534676,-0.12394315997305108,-0.18902198729296876,-0.12376981784288588,-0.11975303710472059,-0.14176451610439014,-0.1383188980972646,-0.18433707326652513,-0.14075597768410064,-0.12094506751954037,-0.1672611982768258,-0.19860344618907771,-0.1693047839573925,-0.13158645471531422,-0.17668164939273,-0.13919579876322133,-0.14709173737707293,-0.7057611914207166,1.408846508619191,-0.7342087577794206,2.456769074559977,-0.47286624374346037,-0.07142857142857141
0.8848613251428366,0.5296003152400534,1.4227592658636876,2,-0.16310736745339036,-0.13931051669133637,-0.1210670106393374,-0.272459848482082,-0.12966864900119177,-0.12287727480484516,-0.13995608007414,-0.21168593274693365,-0.13689135113075995,-0.12105787008520184,-0.12327961953131979,-0.2088061612768204,-0.19422494769103033,-0.19092787918044743,-0.138589789677694,-0.2105204446279263,-0.16997253180875135,-0.3549270491056286,-0.25166069244323896,-0.23323454718310543,-0.14228523046311664,-0.21343818702673792,-0.12061405322841329,-0.12265708933638197,-0.1325797733810791,-0.12343820641128608,-0.23648872017105496,-0.15675027022208035,-0.14935081199355485,-0.13311268828430547,-0.17338753590073486,-0.17117580690686846,-0.1608337587402006,-0.1230760537534676,-0.12394315997305108,-0.18902198729296876,-0.12376981784288588,-0.11975303710472059,-0.14176451610439014,-0.1383188980972646,-0.18433707326652513,-0.14075597768410064,-0.12094506751954037,-0.1672611982768258,-0.19860344618907771,-0.1693047839573925,-0.13158645471531422,-0.17668164939273,-0.13919579876322133,-0.14709173737707293,-0.7057611914207166,1.408846508619191,1.3620104492139977,-0.40703866324070626,-0.47286624374346037,-0.07142857142857141
0.5351769097905168,-1.4050191144712942,-0.07086093494668493,1,-0.16310736745339036,-0.13931051669133637,-0.1210670106393374,-0.272459848482082,-0.12966864900119177,-0.12287727480484516,-0.13995608007414,-0.21168593274693365,-0.13689135113075995,-0.12105787008520184,-0.12327961953131979,-0.2088061612768204,-0.19422494769103033,-0.19092787918044743,-0.138589789677694,-0.2105204446279263,-0.16997253180875135,-0.3549270491056286,-0.25166069244323896,-0.23323454718310543,-0.14228523046311664,-0.21343818702673792,-0.12061405322841329,-0.12265708933638197,-0.1325797733810791,-0.12343820641128608,-0.23648872017105496,-0.15675027022208035,-0.14935081199355485,-0.13311268828430547,-0.17338753590073486,-0.17117580690686846,-0.1608337587402006,-0.1230760537534676,-0.12394315997305108,-0.18902198729296876,-0.12376981784288588,-0.11975303710472059,-0.14176451610439014,-0.1383188980972646,-0.18433707326652513,-0.14075597768410064,-0.12094506751954037,-0.1672611982768258,-0.19860344618907771,-0.1693047839573925,-0.13158645471531422,-0.17668164939273,-0.13919579876322133,-0.14709173737707293,1.4169098728522782,-0.7098005310600505,1.3620104492139977,-0.40703866324070626,-0.47286624374346037,-0.07142857142857141
0.5351769097905168,1.6350971322179662,-1.6793749973578553,1,-0.16310736745339036,-0.13931051669133637,-0.1210670106393374,-0.272459848482082,-0.12966864900119177,-0.12287727480484516,-0.13995608007414,-0.21168593274693365,-0.13689135113075995,-0.12105787008520184,-0.12327961953131979,-0.2088061612768204,-0.19422494769103033,-0.19092787918044743,-0.138589789677694,-0.2105204446279263,-0.16997253180875135,-0.3549270491056286,-0.25166069244323896,-0.23323454718310543,-0.14228523046311664,-0.21343818702673792,-0.12061405322841329,-0.12265708933638197,-0.1325797733810791,-0.12343820641128608,-0.23648872017105496,-0.15675027022208035,-0.14935081199355485,-0.13311268828430547,-0.17338753590073486,-0.17117580690686846,-0.1608337587402006,-0.1230760537534676,-0.12394315997305108,-0.18902198729296876,-0.12376981784288588,-0.11975303710472059,-0.14176451610439014,-0.1383188980972646,-0.18433707326652513,-0.14075597768410064,-0.12094506751954037,-0.1672611982768258,-0.19860344618907771,-0.1693047839573925,-0.13158645471531422,-0.17668164939273,-0.13919579876322133,-0.14709173737707293,-0.7057611914207166,-0.7098005310600505,1.3620104492139977,-0.40703866324070626,-0.47286624374346037,-0.07142857142857141
0.8848613251428366,0.5296003152400534,-0.7602241045514723,1,-0.16310736745339036,4.748422814717618,-0.1210670106393374,-0.272459848482082,-0.12966864900119177,-0.12287727480484516,-0.13995608007414,-0.21168593274693365,-0.13689135113075995,-0.12105787008520184,-0.12327961953131979,-0.2088061612768204,-0.19422494769103033,3.0262830987986957,-0.138589789677694,-0.2105204446279263,3.7426127246198155,-0.3549270491056286,2.0510076726981192,-0.23323454718310543,-0.14228523046311664,-0.21343818702673792,-0.12061405322841329,-0.12265708933638197,-0.1325797733810791,-0.12343820641128608,-0.23648872017105496,-0.15675027022208035,-0.14935081199355485,-0.13311268828430547,-0.17338753590073486,-0.17117580690686846,-0.1608337587402006,-0.1230760537534676,-0.12394315997305108,-0.18902198729296876,-0.12376981784288588,-0.11975303710472059,-0.14176451610439014,-0.1383188980972646,-0.18433707326652513,-0.14075597768410064,-0.12094506751954037,-0.1672611982768258,-0.19860344618907771,-0.1693047839573925,-0.13158645471531422,-0.17668164939273,-0.13919579876322133,4.012586272625924,-0.7057611914207166,1.408846508619191,-0.7342087577794206,2.456769074559977,-0.47286624374346037,-0.07142857142857141
-1.2132451669710822,0.5296003152400534,0.27382064985570875,0,-0.16310736745339036,-0.13931051669133637,-0.1210670106393374,-0.272459848482082,-0.12966864900119177,-0.12287727480484516,-0.13995608007414,6.210859020398577,-0.13689135113075995,-0.12105787008520184,-0.12327961953131979,-0.2088061612768204,-0.19422494769103033,-0.19092787918044743,-0.138589789677694,-0.2105204446279263,-0.16997253180875135,-0.3549270491056286,-0.25166069244323896,-0.23323454718310543,-0.14228523046311664,-0.21343818702673792,-0.12061405322841329,-0.12265708933638197,-0.1325797733810791,-0.12343820641128608,-0.23648872017105496,-0.15675027022208035,-0.14935081199355485,-0.13311268828430547,-0.17338753590073486,-0.17117580690686846,-0.1608337587402006,-0.1230760537534676,-0.12394315997305108,-0.18902198729296876,-0.12376981784288588,-0.11975303710472059,-0.14176451610439014,-0.1383188980972646,-0.18433707326652513,-0.14075597768410064,-0.12094506751954037,-0.1672611982768258,-0.19860344618907771,-0.1693047839573925,-0.13158645471531422,-0.17668164939273,-0.13919579876322133,-0.14709173737707293,1.4169098728522782,-0.7098005310600505,-0.7342087577794206,-0.40703866324070626,-0.47286624374346037,13.999999999999996
-1.2132451669710822,0.8059745194845316,-0.6453302429506743,1,-0.16310736745339036,-0.13931051669133637,-0.1210670106393374,-0.272459848482082,-0.12966864900119177,-0.12287727480484516,-0.13995608007414,-0.21168593274693365,-0.13689135113075995,-0.12105787008520184,-0.12327961953131979,-0.2088061612768204,-0.19422494769103033,-0.19092787918044743,-0.138589789677694,-0.2105204446279263,-0.16997253180875135,-0.3549270491056286,-0.25166069244323896,-0.23323454718310543,-0.14228523046311664,-0.21343818702673792,-0.12061405322841329,-0.12265708933638197,9.21394412889585,-0.12343820641128608,-0.23648872017105496,-0.15675027022208035,-0.14935081199355485,-0.13311268828430547,-0.17338753590073486,-0.17117580690686846,-0.1608337587402006,-0.1230760537534676,-0.12394315997305108,-0.18902198729296876,-0.12376981784288588,-0.11975303710472059,-0.14176451610439014,-0.1383188980972646,-0.18433707326652513,-0.14075597768410064,-0.12094506751954037,-0.1672611982768258,-0.19860344618907771,-0.1693047839573925,-0.13158645471531422,-0.17668164939273,-0.13919579876322133,-0.14709173737707293,-0.7057611914207166,-0.7098005310600505,-0.7342087577794206,-0.40703866324070626,-0.47286624374346037,-0.07142857142857141
-1.2132451669710822,-0.023148093248903084,-0.4155425197490786,0,-0.16310736745339036,-0.13931051669133637,-0.1210670106393374,-0.272459848482082,-0.12966864900119177,-0.12287727480484516,-0.13995608007414,-0.21168593274693365,-0.13689135113075995,-0.12105787008520184,-0.12327961953131979,-0.2088061612768204,4.848139144889364,-0.19092787918044743,-0.138589789677694,-0.2105204446279263,6.14325277197706,-0.3549270491056286,-0.25166069244323896,-0.23323454718310543,-0.14228523046311664,-0.21343818702673792,-0.12061405322841329,-0.12265708933638197,-0.1325797733810791,-0.12343820641128608,-0.23648872017105496,-0.15675027022208035,-0.14935081199355485,-0.13311268828430547,-0.17338753590073486,-0.17117580690686846,-0.1608337587402006,-0.1230760537534676,-0.12394315997305108,-0.18902198729296876,-0.12376981784288588,-0.11975303710472059,-0.14176451610439014,-0.1383188980972646,-0.18433707326652513,-0.14075597768410064,-0.12094506751954037,-0.1672611982768258,-0.19860344618907771,-0.1693047839573925,-0.13158645471531422,-0.17668164939273,-0.13919579876322133,-0.14709173737707293,-0.7057611914207166,1.408846508619191,1.3620104492139977,-0.40703866324070626,-0.47286624374346037,-0.07142857142857141
-0.16419192091412277,0.8059745194845316,-0.6453302429506743,1,-0.16310736745339036,-0.13931051669133637,-0.1210670106393374,-0.272459848482082,-0.12966864900119177,-0.12287727480484516,-0.13995608007414,-0.21168593274693365,-0.13689135113075995,-0.12105787008520184,-0.12327961953131979,-0.2088061612768204,-0.19422494769103033,-0.19092787918044743,-0.138589789677694,-0.2105204446279263,4.692488432737478,1.2631492517597747,2.6100367035173275,-0.23323454718310543,-0.14228523046311664,-0.21343818702673792,-0.12061405322841329,-0.12265708933638197,-0.1325797733810791,-0.12343820641128608,-0.23648872017105496,-0.15675027022208035,-0.14935081199355485,-0.13311268828430547,-0.17338753590073486,-0.17117580690686846,-0.1608337587402006,-0.1230760537534676,-0.12394315997305108,-0.18902198729296876,-0.12376981784288588,-0.11975303710472059,-0.14176451610439014,-0.1383188980972646,-0.18433707326652513,-0.14075597768410064,-0.12094506751954037,-0.1672611982768258,-0.19860344618907771,4.80140028600787,-0.13158645471531422,-0.17668164939273,-0.13919579876322133,-0.14709173737707293,1.4169098728522782,-0.7098005310600505,-0.7342087577794206,2.456769074559977,-0.47286624374346037,-0.07142857142857141
-1.2132451669710822,1.358722927973488,-1.2197995509546637,1,-0.16310736745339036,-0.13931051669133637,-0.1210670106393374,-0.272459848482082,-0.12966864900119177,-0.12287727480484516,-0.13995608007414,-0.21168593274693365,-0.13689135113075995,-0.12105787008520184,-0.12327961953131979,-0.2088061612768204,-0.19422494769103033,-0.19092787918044743,-0.138589789677694,-0.2105204446279263,-0.16997253180875135,-0.3549270491056286,-0.25166069244323896,-0.23323454718310543,-0.14228523046311664,-0.21343818702673792,-0.12061405322841329,-0.12265708933638197,-0.1325797733810791,-0.12343820641128608,-0.23648872017105496,-0.15675027022208035,-0.14935081199355485,-0.13311268828430547,-0.17338753590073486,-0.17117580690686846,-0.1608337587402006,-0.1230760537534676,-0.12394315997305108,-0.18902198729296876,-0.12376981784288588,-0.11975303710472059,-0.14176451610439014,-0.1383188980972646,-0.18433707326652513,-0.14075597768410064,-0.12094506751954037,-0.1672611982768258,-0.19860344618907771,-0.1693047839573925,-0.13158645471531422,-0.17668164939273,-0.13919579876322133,-0.14709173737707293,-0.7057611914207166,-0.7098005310600505,-0.7342087577794206,-0.40703866324070626,-0.47286624374346037,-0.07142857142857141
0.8848613251428366,-1.128644910226816,0.27382064985570875,2,-0.16310736745339036,-0.13931051669133637,-0.1210670106393374,-0.272459848482082,-0.12966864900119177,-0.12287727480484516,-0.13995608007414,-0.21168593274693365,-0.13689135113075995,-0.12105787008520184,-0.12327961953131979,-0.2088061612768204,-0.19422494769103033,-0.19092787918044743,-0.138589789677694,-0.2105204446279263,-0.16997253180875135,-0.3549270491056286,-0.25166069244323896,-0.23323454718310543,-0.14228523046311664,-0.21343818702673792,-0.12061405322841329,-0.12265708933638197,-0.1325797733810791,-0.12343820641128608,-0.23648872017105496,-0.15675027022208035,-0.14935081199355485,-0.13311268828430547,-0.17338753590073486,-0.17117580690686846,-0.1608337587402006,-0.1230760537534676,-0.12394315997305108,-0.18902198729296876,-0.12376981784288588,-0.11975303710472059,-0.14176451610439014,-0.1383188980972646,-0.18433707326652513,-0.14075597768410064,-0.12094506751954037,-0.1672611982768258,-0.19860344618907771,8.684688541215118,-0.13158645471531422,-0.17668164939273,-0.13919579876322133,-0.14709173737707293,1.4169098728522782,-0.7098005310600505,-0.7342087577794206,-0.40703866324070626,2.1147629234082532,-0.07142857142857141
-0.5138763362664426,-1.128644910226816,1.078077681061294,0,-0.16310736745339036,-0.13931051669133637,-0.1210670106393374,4.6088280887450646,-0.12966864900119177,-0.12287727480484516,-0.13995608007414,-0.21168593274693365,-0.13689135113075995,-0.12105787008520184,-0.12327961953131979,-0.2088061612768204,-0.19422494769103033,-0.19092787918044743,-0.138589789677694,-0.2105204446279263,-0.16997253180875135,2.366594548093188,-0.25166069244323896,-0.23323454718310543,-0.14228523046311664,-0.21343818702673792,-0.12061405322841329,-0.12265708933638197,-0.1325797733810791,-0.12343820641128608,-0.23648872017105496,-0.15675027022208035,-0.14935081199355485,-0.13311268828430547,-0.17338753590073486,-0.17117580690686846,-0.1608337587402006,-0.1230760537534676,-0.12394315997305108,-0.18902198729296876,-0.12376981784288588,-0.11975303710472059,-0.14176451610439014,-0.1383188980972646,-0.18433707326652513,-0.14075597768410064,-0.12094506751954037,-0.1672611982768258,-0.19860344618907771,-0.1693047839573925,-0.13158645471531422,-0.17668164939273,-0.13919579876322133,-0.14709173737707293,1.4169098728522782,-0.7098005310600505,-0.7342087577794206,-0.40703866324070626,-0.47286624374346037,-0.07142857142857141
-0.8635607516187623,-0.8522707059823377,-0.6453302429506743,0,-0.16310736745339036,-0.13931051669133637,-0.1210670106393374,-0.272459848482082,-0.12966864900119177,-0.12287727480484516,-0.13995608007414,-0.21168593274693365,-0.13689135113075995,-0.12105787008520184,-0.12327961953131979,-0.2088061612768204,-0.19422494769103033,-0.19092787918044743,-0.138589789677694,-0.2105204446279263,-0.16997253180875135,-0.3549270491056286,-0.25166069244323896,-0.23323454718310543,-0.14228523046311664,-0.21343818702673792,-0.12061405322841329,-0.12265708933638197,-0.1325797733810791,-0.12343820641128608,-0.23648872017105496,-0.15675027022208035,-0.14935081199355485,-0.13311268828430547,-0.17338753590073486,-0.17117580690686846,-0.1608337587402006,-0.1230760537534676,-0.12394315997305108,-0.18902198729296876,-0.12376981784288588,-0.11975303710472059,-0.14176451610439014,-0.1383188980972646,-0.18433707326652513,-0.14075597768410064,-0.12094506751954037,-0.1672611982768258,-0.19860344618907771,-0.1693047839573925,-0.13158645471531422,-0.17668164939273,-0.13919579876322133,-0.14709173737707293,-0.7057611914207166,-0.7098005310600505,1.3620104492139977,-0.40703866324070626,-0.47286624374346037,-0.07142857142857141
0.18549249443819701,-1.4050191144712942,-0.07086093494668493,2,-0.16310736745339036,-0.13931051669133637,-0.1210670106393374,-0.272459848482082,-0.12966864900119177,-0.12287727480484516,-0.13995608007414,-0.21168593274693365,-0.13689135113075995,-0.12105787008520184,-0.12327961953131979,-0.2088061612768204,-0.19422494769103033,-0.19092787918044743,-0.138589789677694,-0.2105204446279263,-0.16997253180875135,-0.3549270491056286,-0.25166069244323896,-0.23323454718310543,-0.14228523046311664,-0.21343818702673792,-0.12061405322841329,-0.12265708933638197,-0.1325797733810791,-0.12343820641128608,-0.23648872017105496,-0.15675027022208035,-0.14935081199355485,-0.13311268828430547,-0.17338753590073486,-0.17117580690686846,-0.1608337587402006,-0.1230760537534676,-0.12394315997305108,-0.18902198729296876,-0.12376981784288588,-0.11975303710472059,-0.14176451610439014,-0.1383188980972646,-0.18433707326652513,-0.14075597768410064,-0.12094506751954037,-0.1672611982768258,-0.19860344618907771,-0.1693047839573925,-0.13158645471531422,-0.17668164939273,-0.13919579876322133,-0.14709173737707293,-0.7057611914207166,-0.7098005310600505,-0.7342087577794206,-0.40703866324070626,2.1147629234082532,-0.07142857142857141
0.5351769097905168,0.2532261109955751,1.078077681061294,2,-0.16310736745339036,-0.13931051669133637,-0.1210670106393374,-0.272459848482082,-0.12966864900119177,-0.12287727480484516,-0.13995608007414,-0.21168593274693365,-0.13689135113075995,-0.12105787008520184,-0.12327961953131979,-0.2088061612768204,-0.19422494769103033,-0.19092787918044743,-0.138589789677694,-0.2105204446279263,-0.16997253180875135,-0.3549270491056286,-0.25166069244323896,-0.23323454718310543,-0.14228523046311664,-0.21343818702673792,-0.12061405322841329,-0.12265708933638197,-0.1325797733810791,-0.12343820641128608,-0.23648872017105496,-0.15675027022208035,-0.14935081199355485,-0.13311268828430547,-0.17338753590073486,-0.17117580690686846,-0.1608337587402006,-0.1230760537534676,-0.12394315997305108,-0.18902198729296876,-0.12376981784288588,-0.11975303710472059,-0.14176451610439014,8.141689098066443,-0.18433707326652513,-0.14075597768410064,-0.12094506751954037,-0.1672611982768258,-0.19860344618907771,-0.1693047839573925,-0.13158645471531422,-0.17668164939273,-0.13919579876322133,-0.14709173737707293,-0.7057611914207166,1.408846508619191,-0.7342087577794206,-0.40703866324070626,2.1147629234082532,-0.07142857142857141
-0.8635607516187623,-0.023148093248903084,0.7333960962589003,0,-0.16310736745339036,-0.13931051669133637,-0.1210670106393374,-0.272459848482082,-0.12966864900119177,-0.12287727480484516,-0.13995608007414,-0.21168593274693365,-0.13689135113075995,-0.12105787008520184,-0.12327961953131979,3.9410304023983986,-0.19422494769103033,-0.19092787918044743,-0.138589789677694,-0.2105204446279263,-0.16997253180875135,-0.3549270491056286,2.8474806506126495,-0.23323454718310543,7.41571452433376,-0.21343818702673792,-0.12061405322841329,-0.12265708933638197,-0.1325797733810791,-0.12343820641128608,-0.23648872017105496,-0.15675027022208035,-0.14935081199355485,-0.13311268828430547,-0.17338753590073486,-0.17117580690686846,-0.1608337587402006,-0.1230760537534676,-0.12394315997305108,-0.18902198729296876,-0.12376981784288588,-0.11975303710472059,-0.14176451610439014,-0.1383188980972646,-0.18433707326652513,-0.14075597768410064,-0.12094506751954037,-0.1672611982768258,-0.19860344618907771,-0.1693047839573925,-0.13158645471531422,-0.17668164939273,-0.13919579876322133,-0.14709173737707293,-0.7057611914207166,1.408846508619191,-0.7342087577794206,2.456769074559977,-0.47286624374346037,-0.07142857142857141
-0.8635607516187623,1.358722927973488,-1.2197995509546637,0,-0.16310736745339036,-0.13931051669133637,-0.1210670106393374,-0.272459848482082,-0.12966864900119177,-0.12287727480484516,-0.13995608007414,-0.21168593274693365,-0.13689135113075995,-0.12105787008520184,-0.12327961953131979,-0.2088061612768204,-0.19422494769103033,-0.19092787918044743,-0.138589789677694,-0.2105204446279263,-0.16997253180875135,-0.3549270491056286,-0.25166069244323896,-0.23323454718310543,-0.14228523046311664,-0.21343818702673792,-0.12061405322841329,-0.12265708933638197,-0.1325797733810791,-0.12343820641128608,-0.23648872017105496,-0.15675027022208035,-0.14935081199355485,-0.13311268828430547,-0.17338753590073486,-0.17117580690686846,-0.1608337587402006,-0.1230760537534676,-0.12394315997305108,-0.18902198729296876,-0.12376981784288588,-0.11975303710472059,-0.14176451610439014,-0.1383188980972646,-0.18433707326652513,-0.14075597768410064,-0.12094506751954037,-0.1672611982768258,-0.19860344618907771,-0.1693047839573925,-0.13158645471531422,-0.17668164939273,-0.13919579876322133,-0.14709173737707293,-0.7057611914207166,-0.7098005310600505,-0.7342087577794206,-0.40703866324070626,-0.47286624374346037,-0.07142857142857141
0.8848613251428366,0.8059745194845316,-0.5304363813498765,1,-0.16310736745339036,-0.13931051669133637,-0.1210670106393374,-0.272459848482082,-0.12966864900119177,-0.12287727480484516,-0.13995608007414,-0.21168593274693365,-0.13689135113075995,-0.12105787008520184,-0.12327961953131979,-0.2088061612768204,-0.19422494769103033,-0.19092787918044743,-0.138589789677694,-0.2105204446279263,-0.16997253180875135,-0.3549270491056286,-0.25166069244323896,-0.23323454718310543,-0.14228523046311664,-0.21343818702673792,-0.12061405322841329,-0.12265708933638197,-0.1325797733810791,-0.12343820641128608,-0.23648872017105496,-0.15675027022208035,-0.14935081199355485,-0.13311268828430547,6.494965675098376,-0.17117580690686846,-0.1608337587402006,-0.1230760537534676,-0.12394315997305108,-0.18902198729296876,-0.12376981784288588,-0.11975303710472059,-0.14176451610439014,-0.1383188980972646,-0.18433707326652513,-0.14075597768410064,-0.12094506751954037,-0.1672611982768258,-0.19860344618907771,-0.1693047839573925,-0.13158645471531422,-0.17668164939273,-0.13919579876322133,-0.14709173737707293,-0.7057611914207166,1.408846508619191,-0.7342087577794206,-0.40703866324070626,2.1147629234082532,-0.07142857142857141
0.5351769097905168,-1.4050191144712942,-0.07086093494668493,0,-0.16310736745339036,5.670372862748115,-0.1210670106393374,-0.272459848482082,-0.12966864900119177,-0.12287727480484516,-0.13995608007414,-0.21168593274693365,-0.13689135113075995,-0.12105787008520184,-0.12327961953131979,-0.2088061612768204,3.520200860574001,-0.19092787918044743,-0.138589789677694,-0.2105204446279263,-0.16997253180875135,1.1926477337694228,-0.25166069244323896,-0.23323454718310543,-0.14228523046311664,-0.21343818702673792,-0.12061405322841329,-0.12265708933638197,-0.1325797733810791,-0.12343820641128608,-0.23648872017105496,-0.15675027022208035,-0.14935081199355485,-0.13311268828430547,-0.17338753590073486,-0.17117580690686846,-0.1608337587402006,-0.1230760537534676,-0.12394315997305108,-0.18902198729296876,-0.12376981784288588,-0.11975303710472059,-0.14176451610439014,-0.1383188980972646,3.63073575500687,-0.14075597768410064,-0.12094506751954037,-0.1672611982768258,-0.19860344618907771,-0.1693047839573925,-0.13158645471531422,-0.17668164939273,-0.13919579876322133,-0.14709173737707293,-0.7057611914207166,-0.7098005310600505,-0.7342087577794206,-0.40703866324070626,-0.47286624374346037,-0.07142857142857141
-0.16419192091412277,-1.128644910226816,0.7333960962589003,1,-0.16310736745339036,-0.13931051669133637,-0.1210670106393374,-0.272459848482082,-0.12966864900119177,-0.12287727480484516,-0.13995608007414,-0.21168593274693365,-0.13689135113075995,-0.12105787008520184,-0.12327961953131979,-0.2088061612768204,-0.19422494769103033,-0.19092787918044743,-0.138589789677694,-0.2105204446279263,-0.16997253180875135,-0.3549270491056286,-0.25166069244323896,4.872265554635485,-0.14228523046311664,-0.21343818702673792,-0.12061405322841329,-0.12265708933638197,-0.1325797733810791,-0.12343820641128608,-0.23648872017105496,-0.15675027022208035,-0.14935081199355485,-0.13311268828430547,-0.17338753590073486,-0.17117580690686846,-0.1608337587402006,-0.1230760537534676,-0.12394315997305108,-0.18902198729296876,-0.12376981784288588,-0.11975303710472059,-0.14176451610439014,-0.1383188980972646,-0.18433707326652513,-0.14075597768410064,-0.12094506751954037,-0.1672611982768258,-0.19860344618907771,-0.1693047839573925,-0.13158645471531422,-0.17668164939273,-0.13919579876322133,-0.14709173737707293,-0.7057611914207166,1.408846508619191,-0.7342087577794206,2.456769074559977,-0.47286624374346037,-0.07142857142857141
0.8848613251428366,-0.023148093248903084,-0.9900118277530681,2,-0.16310736745339036,-0.13931051669133637,-0.1210670106393374,-0.272459848482082,-0.12966864900119177,-0.12287727480484516,-0.13995608007414,-0.21168593274693365,-0.13689135113075995,-0.12105787008520184,-0.12327961953131979,-0.2088061612768204,-0.19422494769103033,-0.19092787918044743,4.977698197802749,3.1839557521715354,-0.16997253180875135,-0.3549270491056286,-0.25166069244323896,-0.23323454718310543,-0.14228523046311664,-0.21343818702673792,-0.12061405322841329,-0.12265708933638197,-0.1325797733810791,-0.12343820641128608,-0.23648872017105496,-0.15675027022208035,-0.14935081199355485,-0.13311268828430547,-0.17338753590073486,-0.17117580690686846,3.995266339058677,-0.1230760537534676,-0.12394315997305108,-0.18902198729296876,-0.12376981784288588,-0.11975303710472059,-0.14176451610439014,-0.1383188980972646,-0.18433707326652513,5.305027721335622,-0.12094506751954037,-0.1672611982768258,-0.19860344618907771,-0.1693047839573925,-0.13158645471531422,-0.17668164939273,4.231464459170869,-0.14709173737707293,-0.7057611914207166,-0.7098005310600505,-0.7342087577794206,-0.40703866324070626,-0.47286624374346037,-0.07142857142857141
-3.6610360744373205,1.358722927973488,-0.4155425197490786,1,-0.16310736745339036,-0.13931051669133637,-0.1210670106393374,-0.272459848482082,-0.12966864900119177,-0.12287727480484516,-0.13995608007414,-0.21168593274693365,-0.13689135113075995,-0.12105787008520184,-0.12327961953131979,-0.2088061612768204,-0.19422494769103033,-0.19092787918044743,-0.138589789677694,-0.2105204446279263,-0.16997253180875135,-0.3549270491056286,-0.25166069244323896,-0.23323454718310543,-0.14228523046311664,-0.21343818702673792,-0.12061405322841329,-0.12265708933638197,-0.1325797733810791,-0.12343820641128608,-0.23648872017105496,-0.15675027022208035,-0.14935081199355485,-0.13311268828430547,-0.17338753590073486,-0.17117580690686846,-0.1608337587402006,-0.1230760537534676,-0.12394315997305108,-0.18902198729296876,-0.12376981784288588,-0.11975303710472059,-0.14176451610439014,-0.1383188980972646,-0.18433707326652513,-0.14075597768410064,-0.12094506751954037,-0.1672611982768258,-0.19860344618907771,-0.1693047839573925,-0.13158645471531422,-0.17668164939273,-0.13919579876322133,-0.14709173737707293,-0.7057611914207166,1.408846508619191,1.3620104492139977,-0.40703866324070626,-0.47286624374346037,-0.07142857142857141
-0.16419192091412277,0.8059745194845316,0.27382064985570875,2,-0.16310736745339036,-0.13931051669133637,-0.1210670106393374,-0.272459848482082,-0.12966864900119177,-0.12287727480484516,-0.13995608007414,-0.21168593274693365,-0.13689135113075995,-0.12105787008520184,-0.12327961953131979,-0.2088061612768204,-0.19422494769103033,-0.19092787918044743,-0.138589789677694,-0.2105204446279263,-0.16997253180875135,-0.3549270491056286,-0.25166069244323896,-0.23323454718310543,-0.14228523046311664,-0.21343818702673792,-0.12061405322841329,-0.12265708933638197,-0.1325797733810791,-0.12343820641128608,-0.23648872017105496,-0.15675027022208035,-0.14935081199355485,-0.13311268828430547,-0.17338753590073486,-0.17117580690686846,-0.1608337587402006,-0.1230760537534676,-0.12394315997305108,-0.18902198729296876,-0.12376981784288588,-0.11975303710472059,-0.14176451610439014,-0.1383188980972646,-0.18433707326652513,-0.14075597768410064,-0.12094506751954037,-0.1672611982768258,-0.19860344618907771,-0.1693047839573925,-0.13158645471531422,-0.17668164939273,-0.13919579876322133,-0.14709173737707293,1.4169098728522782,-0.7098005310600505,1.3620104492139977,-0.40703866324070626,-0.47286624374346037,-0.07142857142857141
0.8848613251428366,-1.128644910226816,0.38871451145650665,2,-0.16310736745339036,-0.13931051669133637,-0.1210670106393374,2.618236542300378,-0.12966864900119177,-0.12287727480484516,-0.13995608007414,-0.21168593274693365,-0.13689135113075995,-0.12105787008520184,-0.12327961953131979,3.6079477496478707,-0.19422494769103033,-0.19092787918044743,-0.138589789677694,4.1974261750626605,-0.16997253180875135,-0.3549270491056286,-0.25166069244323896,-0.23323454718310543,-0.14228523046311664,-0.21343818702673792,-0.12061405322841329,-0.12265708933638197,-0.1325797733810791,-0.12343820641128608,-0.23648872017105496,-0.15675027022208035,-0.14935081199355485,-0.13311268828430547,-0.17338753590073486,-0.17117580690686846,-0.1608337587402006,-0.1230760537534676,-0.12394315997305108,-0.18902198729296876,-0.12376981784288588,-0.11975303710472059,-0.14176451610439014,-0.1383188980972646,-0.18433707326652513,-0.14075597768410064,-0.12094506751954037,-0.1672611982768258,3.561960034301707,-0.1693047839573925,-0.13158645471531422,-0.17668164939273,-0.13919579876322133,-0.14709173737707293,1.4169098728522782,-0.7098005310600505,-0.7342087577794206,-0.40703866324070626,-0.47286624374346037,-0.07142857142857141
-0.16419192091412277,1.358722927973488,0.27382064985570875,1,-0.16310736745339036,-0.13931051669133637,-0.1210670106393374,-0.272459848482082,-0.12966864900119177,-0.12287727480484516,-0.13995608007414,-0.21168593274693365,-0.13689135113075995,-0.12105787008520184,-0.12327961953131979,-0.2088061612768204,-0.19422494769103033,-0.19092787918044743,-0.138589789677694,-0.2105204446279263,-0.16997253180875135,-0.3549270491056286,-0.25166069244323896,-0.23323454718310543,-0.14228523046311664,-0.21343818702673792,-0.12061405322841329,-0.12265708933638197,-0.1325797733810791,-0.12343820641128608,-0.23648872017105496,-0.15675027022208035,-0.14935081199355485,-0.13311268828430547,-0.17338753590073486,-0.17117580690686846,-0.1608337587402006,-0.1230760537534676,-0.12394315997305108,-0.18902198729296876,-0.12376981784288588,-0.11975303710472059,-0.14176451610439014,-0.1383188980972646,-0.18433707326652513,-0.14075597768410064,-0.12094506751954037,-0.1672611982768258,-0.19860344618907771,-0.1693047839573925,-0.13158645471531422,-0.17668164939273,-0.13919579876322133,-0.14709173737707293,1.4169098728522782,-0.7098005310600505,-0.7342087577794206,-0.40703866324070626,-0.47286624374346037,-0.07142857142857141
-1.9126139976757217,1.358722927973488,-0.6453302429506743,2,-0.16310736745339036,-0.13931051669133637,-0.1210670106393374,-0.272459848482082,-0.12966864900119177,-0.12287727480484516,-0.13995608007414,-0.21168593274693365,-0.13689135113075995,-0.12105787008520184,8.52811283871541,-0.2088061612768204,-0.19422494769103033,-0.19092787918044743,-0.138589789677694,-0.2105204446279263,-0.16997253180875135,-0.3549270491056286,-0.25166069244323896,-0.23323454718310543,-0.14228523046311664,-0.21343818702673792,-0.12061405322841329,-0.12265708933638197,-0.1325797733810791,-0.12343820641128608,-0.23648872017105496,-0.15675027022208035,-0.14935081199355485,-0.13311268828430547,-0.17338753590073486,-0.17117580690686846,-0.1608337587402006,-0.1230760537534676,-0.12394315997305108,-0.18902198729296876,-0.12376981784288588,-0.11975303710472059,-0.14176451610439014,-0.1383188980972646,-0.18433707326652513,-0.14075597768410064,-0.12094506751954037,-0.1672611982768258,4.3537479515756585,-0.1693047839573925,-0.13158645471531422,-0.17668164939273,-0.13919579876322133,-0.14709173737707293,-0.7057611914207166,1.408846508619191,1.3620104492139977,-0.40703866324070626,-0.47286624374346037,-0.07142857142857141
-1.562929582323402,1.6350971322179662,0.7333960962589003,2,-0.16310736745339036,-0.13931051669133637,-0.1210670106393374,-0.272459848482082,-0.12966864900119177,-0.12287727480484516,-0.13995608007414,-0.21168593274693365,-0.13689135113075995,-0.12105787008520184,-0.12327961953131979,-0.2088061612768204,-0.19422494769103033,-0.19092787918044743,-0.138589789677694,-0.2105204446279263,-0.16997253180875135,-0.3549270491056286,-0.25166069244323896,-0.23323454718310543,-0.14228523046311664,-0.21343818702673792,-0.12061405322841329,-0.12265708933638197,-0.1325797733810791,-0.12343820641128608,-0.23648872017105496,-0.15675027022208035,-0.14935081199355485,-0.13311268828430547,-0.17338753590073486,-0.17117580690686846,-0.1608337587402006,-0.1230760537534676,-0.12394315997305108,-0.18902198729296876,-0.12376981784288588,-0.11975303710472059,-0.14176451610439014,-0.1383188980972646,-0.18433707326652513,-0.14075597768410064,-0.12094506751954037,-0.1672611982768258,-0.19860344618907771,-0.1693047839573925,-0.13158645471531422,-0.17668164939273,-0.13919579876322133,-0.14709173737707293,-0.7057611914207166,-0.7098005310600505,-0.7342087577794206,-0.40703866324070626,-0.47286624374346037,-0.07142857142857141
-1.9126139976757217,1.6350971322179662,0.7333960962589003,2,-0.16310736745339036,-0.13931051669133637,-0.1210670106393374,-0.272459848482082,-0.12966864900119177,-0.12287727480484516,-0.13995608007414,-0.21168593274693365,-0.13689135113075995,-0.12105787008520184,-0.12327961953131979,-0.2088061612768204,-0.19422494769103033,-0.19092787918044743,-0.138589789677694,-0.2105204446279263,-0.16997253180875135,-0.3549270491056286,-0.25166069244323896,-0.23323454718310543,-0.14228523046311664,-0.21343818702673792,-0.12061405322841329,-0.12265708933638197,-0.1325797733810791,-0.12343820641128608,-0.23648872017105496,-0.15675027022208035,-0.14935081199355485,-0.13311268828430547,-0.17338753590073486,-0.17117580690686846,-0.1608337587402006,-0.1230760537534676,9.250464529719403,-0.18902198729296876,-0.12376981784288588,-0.11975303710472059,-0.14176451610439014,-0.1383188980972646,-0.18433707326652513,-0.14075597768410064,-0.12094506751954037,6.728858088634214,-0.19860344618907771,-0.1693047839573925,-0.13158645471531422,-0.17668164939273,-0.13919579876322133,-0.14709173737707293,-0.7057611914207166,-0.7098005310600505,-0.7342087577794206,-0.40703866324070626,-0.47286624374346037,-0.07142857142857141
-0.5138763362664426,-0.8522707059823377,-0.8751179661522701,1,-0.16310736745339036,-0.13931051669133637,-0.1210670106393374,-0.272459848482082,-0.12966864900119177,-0.12287727480484516,-0.13995608007414,-0.21168593274693365,-0.13689135113075995,-0.12105787008520184,-0.12327961953131979,-0.2088061612768204,-0.19422494769103033,-0.19092787918044743,-0.138589789677694,-0.2105204446279263,-0.16997253180875135,-0.3549270491056286,2.478253895903192,-0.23323454718310543,-0.14228523046311664,-0.21343818702673792,-0.12061405322841329,-0.12265708933638197,-0.1325797733810791,-0.12343820641128608,-0.23648872017105496,-0.15675027022208035,-0.14935081199355485,-0.13311268828430547,-0.17338753590073486,4.023246428631217,-0.1608337587402006,-0.1230760537534676,-0.12394315997305108,3.9463061651926954,-0.12376981784288588,-0.11975303710472059,-0.14176451610439014,-0.1383188980972646,-0.18433707326652513,-0.14075597768410064,-0.12094506751954037,-0.1672611982768258,3.4030127740232445,-0.1693047839573925,-0.13158645471531422,-0.17668164939273,-0.13919579876322133,-0.14709173737707293,-0.7057611914207166,1.408846508619191,-0.7342087577794206,-0.40703866324070626,2.1147629234082532,-0.07142857142857141
-0.16419192091412277,1.6350971322179662,-0.07086093494668493,1,-0.16310736745339036,-0.13931051669133637,-0.1210670106393374,-0.272459848482082,-0.12966864900119177,-0.12287727480484516,-0.13995608007414,-0.21168593274693365,-0.13689135113075995,-0.12105787008520184,-0.12327961953131979,-0.2088061612768204,-0.19422494769103033,-0.19092787918044743,-0.138589789677694,-0.2105204446279263,-0.16997253180875135,-0.3549270491056286,-0.25166069244323896,-0.23323454718310543,-0.14228523046311664,6.111394935670573,-0.12061405322841329,-0.12265708933638197,-0.1325797733810791,-0.12343820641128608,-0.23648872017105496,-0.15675027022208035,-0.14935081199355485,-0.13311268828430547,-0.17338753590073486,-0.17117580690686846,-0.1608337587402006,-0.1230760537534676,-0.12394315997305108,-0.18902198729296876,-0.12376981784288588,-0.11975303710472059,-0.14176451610439014,-0.1383188980972646,-0.18433707326652513,-0.14075597768410064,-0.12094506751954037,-0.1672611982768258,-0.19860344618907771,-0.1693047839573925,-0.13158645471531422,-0.17668164939273,-0.13919579876322133,-0.14709173737707293,-0.7057611914207166,-0.7098005310600505,1.3620104492139977,-0.40703866324070626,-0.47286624374346037,-0.07142857142857141
0.18549249443819701,-0.2995222974933813,-0.6453302429506743,0,-0.16310736745339036,-0.13931051669133637,-0.1210670106393374,-0.272459848482082,-0.12966864900119177,-0.12287727480484516,-0.13995608007414,-0.21168593274693365,-0.13689135113075995,-0.12105787008520184,-0.12327961953131979,-0.2088061612768204,-0.19422494769103033,-0.19092787918044743,-0.138589789677694,-0.2105204446279263,-0.16997253180875135,-0.3549270491056286,-0.25166069244323896,-0.23323454718310543,-0.14228523046311664,-0.21343818702673792,-0.12061405322841329,-0.12265708933638197,-0.1325797733810791,-0.12343820641128608,-0.23648872017105496,-0.15675027022208035,-0.14935081199355485,-0.13311268828430547,-0.17338753590073486,-0.17117580690686846,-0.1608337587402006,-0.1230760537534676,-0.12394315997305108,-0.18902198729296876,-0.12376981784288588,-0.11975303710472059,-0.14176451610439014,-0.1383188980972646,-0.18433707326652513,-0.14075597768410064,-0.12094506751954037,-0.1672611982768258,-0.19860344618907771,-0.1693047839573925,-0.13158645471531422,-0.17668164939273,-0.13919579876322133,-0.14709173737707293,1.4169098728522782,-0.7098005310600505,1.3620104492139977,-0.40703866324070626,-0.47286624374346037,-0.07142857142857141
0.8848613251428366,-0.023148093248903084,-1.6793749973578553,2,-0.16310736745339036,-0.13931051669133637,-0.1210670106393374,-0.272459848482082,-0.12966864900119177,-0.12287727480484516,-0.13995608007414,-0.21168593274693365,-0.13689135113075995,-0.12105787008520184,-0.12327961953131979,-0.2088061612768204,-0.19422494769103033,7.282488569807571,-0.138589789677694,-0.2105204446279263,-0.16997253180875135,-0.3549270491056286,-0.25166069244323896,-0.23323454718310543,-0.14228523046311664,-0.21343818702673792,-0.12061405322841329,-0.12265708933638197,-0.1325797733810791,-0.12343820641128608,-0.23648872017105496,-0.15675027022208035,-0.14935081199355485,-0.13311268828430547,-0.17338753590073486,-0.17117580690686846,-0.1608337587402006,-0.1230760537534676,-0.12394315997305108,-0.18902198729296876,-0.12376981784288588,-0.11975303710472059,-0.14176451610439014,-0.1383188980972646,-0.18433707326652513,-0.14075597768410064,-0.12094506751954037,-0.1672611982768258,-0.19860344618907771,-0.1693047839573925,-0.13158645471531422,-0.17668164939273,-0.13919579876322133,-0.14709173737707293,-0.7057611914207166,-0.7098005310600505,1.3620104492139977,-0.40703866324070626,-0.47286624374346037,-0.07142857142857141
0.8848613251428366,-0.8522707059823377,0.7333960962589003,1,-0.16310736745339036,-0.13931051669133637,-0.1210670106393374,-0.272459848482082,-0.12966864900119177,-0.12287727480484516,-0.13995608007414,-0.21168593274693365,-0.13689135113075995,-0.12105787008520184,-0.12327961953131979,-0.2088061612768204,-0.19422494769103033,-0.19092787918044743,-0.138589789677694,-0.2105204446279263,-0.16997253180875135,-0.3549270491056286,-0.25166069244323896,-0.23323454718310543,-0.14228523046311664,-0.21343818702673792,-0.12061405322841329,-0.12265708933638197,-0.1325797733810791,-0.12343820641128608,-0.23648872017105496,-0.15675027022208035,-0.14935081199355485,-0.13311268828430547,6.494965675098376,-0.17117580690686846,-0.1608337587402006,-0.1230760537534676,-0.12394315997305108,-0.18902198729296876,-0.12376981784288588,-0.11975303710472059,-0.14176451610439014,-0.1383188980972646,-0.18433707326652513,-0.14075597768410064,-0.12094506751954037,-0.1672611982768258,-0.19860344618907771,-0.1693047839573925,-0.13158645471531422,-0.17668164939273,-0.13919579876322133,-0.14709173737707293,-0.7057611914207166,-0.7098005310600505,-0.7342087577794206,2.456769074559977,-0.47286624374346037,-0.07142857142857141
-0.5138763362664426,1.358722927973488,0.27382064985570875,0,-0.16310736745339036,-0.13931051669133637,-0.1210670106393374,-0.272459848482082,-0.12966864900119177,-0.12287727480484516,-0.13995608007414,-0.21168593274693365,-0.13689135113075995,-0.12105787008520184,-0.12327961953131979,-0.2088061612768204,-0.19422494769103033,-0.19092787918044743,-0.138589789677694,-0.2105204446279263,-0.16997253180875135,3.8201571530217064,-0.25166069244323896,-0.23323454718310543,-0.14228523046311664,-0.21343818702673792,-0.12061405322841329,-0.12265708933638197,-0.1325797733810791,-0.12343820641128608,-0.23648872017105496,-0.15675027022208035,-0.14935081199355485,-0.13311268828430547,-0.17338753590073486,-0.17117580690686846,-0.1608337587402006,-0.1230760537534676,-0.12394315997305108,-0.18902198729296876,-0.12376981784288588,-0.11975303710472059,-0.14176451610439014,-0.1383188980972646,-0.18433707326652513,-0.14075597768410064,-0.12094506751954037,-0.1672611982768258,-0.19860344618907771,-0.1693047839573925,-0.13158645471531422,-0.17668164939273,-0.13919579876322133,-0.14709173737707293,-0.7057611914207166,-0.7098005310600505,1.3620104492139977,-0.40703866324070626,-0.47286624374346037,-0.07142857142857141
0.8848613251428366,-1.128644910226816,0.7333960962589003,0,-0.16310736745339036,-0.13931051669133637,-0.1210670106393374,-0.272459848482082,-0.12966864900119177,-0.12287727480484516,-0.13995608007414,-0.21168593274693365,-0.13689135113075995,-0.12105787008520184,-0.12327961953131979,-0.2088061612768204,-0.19422494769103033,-0.19092787918044743,-0.138589789677694,-0.2105204446279263,-0.16997253180875135,1.9243691338323559,-0.25166069244323896,-0.23323454718310543,-0.14228523046311664,-0.21343818702673792,-0.12061405322841329,-0.12265708933638197,-0.1325797733810791,-0.12343820641128608,-0.23648872017105496,-0.15675027022208035,6.7192750699089805,-0.13311268828430547,-0.17338753590073486,-0.17117580690686846,-0.1608337587402006,-0.1230760537534676,-0.12394315997305108,-0.18902198729296876,-0.12376981784288588,-0.11975303710472059,-0.14176451610439014,-0.1383188980972646,-0.18433707326652513,-0.14075597768410064,-0.12094506751954037,-0.1672611982768258,-0.19860344618907771,-0.1693047839573925,-0.13158645471531422,-0.17668164939273,-0.13919579876322133,-0.14709173737707293,1.4169098728522782,-0.7098005310600505,1.3620104492139977,-0.40703866324070626,-0.47286624374346037,-0.07142857142857141
0.8848613251428366,-0.2995222974933813,1.078077681061294,1,-0.16310736745339036,-0.13931051669133637,-0.1210670106393374,-0.272459848482082,-0.12966864900119177,-0.12287727480484516,-0.13995608007414,-0.21168593274693365,-0.13689135113075995,-0.12105787008520184,-0.12327961953131979,-0.2088061612768204,-0.19422494769103033,-0.19092787918044743,-0.138589789677694,-0.2105204446279263,-0.16997253180875135,3.8201571530217064,-0.25166069244323896,-0.23323454718310543,-0.14228523046311664,-0.21343818702673792,-0.12061405322841329,-0.12265708933638197,-0.1325797733810791,-0.12343820641128608,-0.23648872017105496,-0.15675027022208035,-0.14935081199355485,-0.13311268828430547,-0.17338753590073486,-0.17117580690686846,-0.1608337587402006,-0.1230760537534676,-0.12394315997305108,-0.18902198729296876,-0.12376981784288588,-0.11975303710472059,-0.14176451610439014,-0.1383188980972646,-0.18433707326652513,-0.14075597768410064,-0.12094506751954037,-0.1672611982768258,-0.19860344618907771,-0.1693047839573925,-0.13158645471531422,-0.17668164939273,-0.13919579876322133,-0.14709173737707293,1.4169098728522782,-0.7098005310600505,-0.7342087577794206,-0.40703866324070626,-0.47286624374346037,-0.07142857142857141
0.8848613251428366,-0.2995222974933813,-1.104905689353866,2,-0.16310736745339036,-0.13931051669133637,-0.1210670106393374,2.8662862559569824,-0.12966864900119177,-0.12287727480484516,-0.13995608007414,-0.21168593274693365,-0.13689135113075995,-0.12105787008520184,-0.12327961953131979,-0.2088061612768204,-0.19422494769103033,-0.19092787918044743,-0.138589789677694,4.575670635572015,-0.16997253180875135,-0.3549270491056286,-0.25166069244323896,-0.23323454718310543,-0.14228523046311664,-0.21343818702673792,-0.12061405322841329,-0.12265708933638197,-0.1325797733810791,-0.12343820641128608,-0.23648872017105496,-0.15675027022208035,-0.14935081199355485,6.431198746779256,-0.17338753590073486,-0.17117580690686846,-0.1608337587402006,-0.1230760537534676,-0.12394315997305108,-0.18902198729296876,-0.12376981784288588,-0.11975303710472059,-0.14176451610439014,-0.1383188980972646,-0.18433707326652513,-0.14075597768410064,-0.12094506751954037,-0.1672611982768258,-0.19860344618907771,-0.1693047839573925,-0.13158645471531422,-0.17668164939273,-0.13919579876322133,-0.14709173737707293,1.4169098728522782,-0.7098005310600505,-0.7342087577794206,-0.40703866324070626,2.1147629234082532,-0.07142857142857141
0.8848613251428366,-1.128644910226816,1.192971542662092,1,-0.16310736745339036,-0.13931051669133637,-0.1210670106393374,-0.272459848482082,-0.12966864900119177,-0.12287727480484516,-0.13995608007414,-0.21168593274693365,-0.13689135113075995,-0.12105787008520184,-0.12327961953131979,-0.2088061612768204,-0.19422494769103033,-0.19092787918044743,-0.138589789677694,-0.2105204446279263,-0.16997253180875135,-0.3549270491056286,-0.25166069244323896,-0.23323454718310543,-0.14228523046311664,-0.21343818702673792,-0.12061405322841329,-0.12265708933638197,-0.1325797733810791,-0.12343820641128608,-0.23648872017105496,-0.15675027022208035,-0.14935081199355485,-0.13311268828430547,-0.17338753590073486,-0.17117580690686846,-0.1608337587402006,-0.1230760537534676,-0.12394315997305108,-0.18902198729296876,-0.12376981784288588,-0.11975303710472059,-0.14176451610439014,-0.1383188980972646,-0.18433707326652513,-0.14075597768410064,-0.12094506751954037,-0.1672611982768258,-0.19860344618907771,-0.1693047839573925,-0.13158645471531422,-0.17668164939273,-0.13919579876322133,-0.14709173737707293,-0.7057611914207166,1.408846508619191,-0.7342087577794206,-0.40703866324070626,2.1147629234082532,-0.07142857142857141
0.8848613251428366,-0.023148093248903084,1.5376531274644856,0,-0.16310736745339036,-0.13931051669133637,-0.1210670106393374,-0.272459848482082,-0.12966864900119177,-0.12287727480484516,-0.13995608007414,-0.21168593274693365,-0.13689135113075995,-0.12105787008520184,-0.12327961953131979,-0.2088061612768204,-0.19422494769103033,-0.19092787918044743,-0.138589789677694,-0.2105204446279263,-0.16997253180875135,-0.3549270491056286,-0.25166069244323896,-0.23323454718310543,-0.14228523046311664,-0.21343818702673792,-0.12061405322841329,-0.12265708933638197,-0.1325797733810791,-0.12343820641128608,-0.23648872017105496,-0.15675027022208035,-0.14935081199355485,-0.13311268828430547,-0.17338753590073486,-0.17117580690686846,-0.1608337587402006,-0.1230760537534676,-0.12394315997305108,-0.18902198729296876,-0.12376981784288588,-0.11975303710472059,-0.14176451610439014,-0.1383188980972646,-0.18433707326652513,-0.14075597768410064,-0.12094506751954037,-0.1672611982768258,-0.19860344618907771,-0.1693047839573925,-0.13158645471531422,-0.17668164939273,-0.13919579876322133,-0.14709173737707293,-0.7057611914207166,-0.7098005310600505,-0.7342087577794206,-0.40703866324070626,-0.47286624374346037,-0.07142857142857141
0.18549249443819701,-0.8522707059823377,-1.5644811357570574,0,-0.16310736745339036,-0.13931051669133637,-0.1210670106393374,-0.272459848482082,-0.12966864900119177,-0.12287727480484516,-0.13995608007414,-0.21168593274693365,-0.13689135113075995,-0.12105787008520184,-0.12327961953131979,-0.2088061612768204,-0.19422494769103033,-0.19092787918044743,-0.138589789677694,-0.2105204446279263,-0.16997253180875135,2.016970255545509,-0.25166069244323896,-0.23323454718310543,-0.14228523046311664,-0.21343818702673792,-0.12061405322841329,-0.12265708933638197,-0.1325797733810791,-0.12343820641128608,-0.23648872017105496,-0.15675027022208035,-0.14935081199355485,-0.13311268828430547,-0.17338753590073486,-0.17117580690686846,-0.1608337587402006,-0.1230760537534676,-0.12394315997305108,-0.18902198729296876,-0.12376981784288588,-0.11975303710472059,-0.14176451610439014,-0.1383188980972646,-0.18433707326652513,-0.14075597768410064,-0.12094506751954037,-0.1672611982768258,-0.19860344618907771,7.117126610755357,-0.13158645471531422,-0.17668164939273,-0.13919579876322133,-0.14709173737707293,-0.7057611914207166,1.408846508619191,1.3620104492139977,-0.40703866324070626,-0.47286624374346037,-0.07142857142857141
0.8848613251428366,-0.8522707059823377,-1.5644811357570574,2,-0.16310736745339036,-0.13931051669133637,-0.1210670106393374,-0.272459848482082,-0.12966864900119177,9.15040681342587,7.119202245754938,-0.21168593274693365,-0.13689135113075995,-0.12105787008520184,-0.12327961953131979,-0.2088061612768204,-0.19422494769103033,-0.19092787918044743,-0.138589789677694,-0.2105204446279263,-0.16997253180875135,-0.3549270491056286,-0.25166069244323896,-0.23323454718310543,-0.14228523046311664,-0.21343818702673792,-0.12061405322841329,-0.12265708933638197,-0.1325797733810791,-0.12343820641128608,-0.23648872017105496,-0.15675027022208035,-0.14935081199355485,-0.13311268828430547,-0.17338753590073486,-0.17117580690686846,-0.1608337587402006,-0.1230760537534676,-0.12394315997305108,-0.18902198729296876,-0.12376981784288588,-0.11975303710472059,-0.14176451610439014,-0.1383188980972646,-0.18433707326652513,-0.14075597768410064,-0.12094506751954037,-0.1672611982768258,-0.19860344618907771,-0.1693047839573925,-0.13158645471531422,-0.17668164939273,-0.13919579876322133,-0.14709173737707293,1.4169098728522782,-0.7098005310600505,1.3620104492139977,-0.40703866324070626,-0.47286624374346037,-0.07142857142857141
0.8848613251428366,-1.128644910226816,-0.6453302429506743,0,-0.16310736745339036,-0.13931051669133637,-0.1210670106393374,-0.272459848482082,-0.12966864900119177,-0.12287727480484516,-0.13995608007414,-0.21168593274693365,-0.13689135113075995,-0.12105787008520184,-0.12327961953131979,-0.2088061612768204,-0.19422494769103033,-0.19092787918044743,-0.138589789677694,-0.2105204446279263,-0.16997253180875135,1.88876619620265,-0.25166069244323896,-0.23323454718310543,-0.14228523046311664,-0.21343818702673792,-0.12061405322841329,-0.12265708933638197,-0.1325797733810791,-0.12343820641128608,-0.23648872017105496,-0.15675027022208035,-0.14935081199355485,-0.13311268828430547,-0.17338753590073486,-0.17117580690686846,-0.1608337587402006,-0.1230760537534676,-0.12394315997305108,-0.18902198729296876,-0.12376981784288588,-0.11975303710472059,7.108453231499345,-0.1383188980972646,-0.18433707326652513,-0.14075597768410064,-0.12094506751954037,-0.1672611982768258,-0.19860344618907771,-0.1693047839573925,-0.13158645471531422,-0.17668164939273,-0.13919579876322133,-0.14709173737707293,1.4169098728522782,-0.7098005310600505,-0.7342087577794206,-0.40703866324070626,-0.47286624374346037,-0.07142857142857141
0.8848613251428366,-1.4050191144712942,0.7333960962589003,0,-0.16310736745339036,-0.13931051669133637,-0.1210670106393374,-0.272459848482082,-0.12966864900119177,-0.12287727480484516,-0.13995608007414,-0.21168593274693365,-0.13689135113075995,-0.12105787008520184,-0.12327961953131979,7.2587172454688735,-0.19422494769103033,-0.19092787918044743,-0.138589789677694,-0.2105204446279263,-0.16997253180875135,-0.3549270491056286,-0.25166069244323896,-0.23323454718310543,-0.14228523046311664,-0.21343818702673792,-0.12061405322841329,-0.12265708933638197,-0.1325797733810791,-0.12343820641128608,-0.23648872017105496,-0.15675027022208035,-0.14935081199355485,-0.13311268828430547,-0.17338753590073486,-0.17117580690686846,-0.1608337587402006,-0.1230760537534676,-0.12394315997305108,-0.18902198729296876,-0.12376981784288588,-0.11975303710472059,-0.14176451610439014,-0.1383188980972646,-0.18433707326652513,-0.14075597768410064,-0.12094506751954037,-0.1672611982768258,-0.19860344618907771,-0.1693047839573925,-0.13158645471531422,-0.17668164939273,-0.13919579876322133,-0.14709173737707293,-0.7057611914207166,1.408846508619191,-0.7342087577794206,2.456769074559977,-0.47286624374346037,-0.07142857142857141
0.8848613251428366,-0.5758965017378596,-0.8751179661522701,1,-0.16310736745339036,-0.13931051669133637,-0.1210670106393374,-0.272459848482082,-0.12966864900119177,-0.12287727480484516,-0.13995608007414,-0.21168593274693365,8.75949390740269,-0.12105787008520184,-0.12327961953131979,-0.2088061612768204,-0.19422494769103033,-0.19092787918044743,-0.138589789677694,-0.2105204446279263,-0.16997253180875135,-0.3549270491056286,-0.25166069244323896,-0.23323454718310543,-0.14228523046311664,-0.21343818702673792,-0.12061405322841329,-0.12265708933638197,-0.1325797733810791,-0.12343820641128608,-0.23648872017105496,-0.15675027022208035,-0.14935081199355485,-0.13311268828430547,-0.17338753590073486,-0.17117580690686846,-0.1608337587402006,-0.1230760537534676,-0.12394315997305108,-0.18902198729296876,-0.12376981784288588,-0.11975303710472059,-0.14176451610439014,-0.1383188980972646,-0.18433707326652513,-0.14075597768410064,-0.12094506751954037,-0.1672611982768258,-0.19860344618907771,-0.1693047839573925,-0.13158645471531422,-0.17668164939273,-0.13919579876322133,-0.14709173737707293,-0.7057611914207166,-0.7098005310600505,1.3620104492139977,-0.40703866324070626,-0.47286624374346037,-0.07142857142857141
-0.5138763362664426,-0.8522707059823377,-1.5644811357570574,1,-0.16310736745339036,-0.13931051669133637,-0.1210670106393374,-0.272459848482082,-0.12966864900119177,-0.12287727480484516,-0.13995608007414,-0.21168593274693365,-0.13689135113075995,-0.12105787008520184,-0.12327961953131979,-0.2088061612768204,-0.19422494769103033,-0.19092787918044743,-0.138589789677694,-0.2105204446279263,-0.16997253180875135,-0.3549270491056286,-0.25166069244323896,-0.23323454718310543,-0.14228523046311664,-0.21343818702673792,-0.12061405322841329,-0.12265708933638197,-0.1325797733810791,-0.12343820641128608,-0.23648872017105496,-0.15675027022208035,-0.14935081199355485,-0.13311268828430547,-0.17338753590073486,-0.17117580690686846,-0.1608337587402006,-0.1230760537534676,-0.12394315997305108,-0.18902198729296876,-0.12376981784288588,-0.11975303710472059,-0.14176451610439014,-0.1383188980972646,-0.18433707326652513,-0.14075597768410064,-0.12094506751954037,-0.1672611982768258,6.961583584081775,-0.1693047839573925,-0.13158645471531422,-0.17668164939273,-0.13919579876322133,-0.14709173737707293,-0.7057611914207166,1.408846508619191,1.3620104492139977,-0.40703866324070626,-0.47286624374346037,-0.07142857142857141
0.8848613251428366,-1.128644910226816,1.4227592658636876,2,-0.16310736745339036,-0.13931051669133637,-0.1210670106393374,-0.272459848482082,-0.12966864900119177,-0.12287727480484516,-0.13995608007414,-0.21168593274693365,-0.13689135113075995,-0.12105787008520184,-0.12327961953131979,-0.2088061612768204,-0.19422494769103033,-0.19092787918044743,-0.138589789677694,-0.2105204446279263,-0.16997253180875135,-0.3549270491056286,-0.25166069244323896,-0.23323454718310543,-0.14228523046311664,-0.21343818702673792,-0.12061405322841329,-0.12265708933638197,-0.1325797733810791,-0.12343820641128608,4.882450688720862,-0.15675027022208035,-0.14935081199355485,-0.13311268828430547,-0.17338753590073486,-0.17117580690686846,-0.1608337587402006,-0.1230760537534676,-0.12394315997305108,-0.18902198729296876,-0.12376981784288588,-0.11975303710472059,-0.14176451610439014,-0.1383188980972646,-0.18433707326652513,-0.14075597768410064,-0.12094506751954037,-0.1672611982768258,-0.19860344618907771,-0.1693047839573925,-0.13158645471531422,-0.17668164939273,-0.13919579876322133,-0.14709173737707293,1.4169098728522782,-0.7098005310600505,-0.7342087577794206,-0.40703866324070626,2.1147629234082532,-0.07142857142857141
0.18549249443819701,0.5296003152400534,-1.5644811357570574,0,-0.16310736745339036,-0.13931051669133637,-0.1210670106393374,-0.272459848482082,-0.12966864900119177,-0.12287727480484516,-0.13995608007414,-0.21168593274693365,-0.13689135113075995,-0.12105787008520184,-0.12327961953131979,-0.2088061612768204,-0.19422494769103033,-0.19092787918044743,-0.138589789677694,-0.2105204446279263,-0.16997253180875135,-0.3549270491056286,2.724916075293549,-0.23323454718310543,-0.14228523046311664,-0.21343818702673792,-0.12061405322841329,-0.12265708933638197,-0.1325797733810791,-0.12343820641128608,-0.23648872017105496,-0.15675027022208035,-0.14935081199355485,-0.13311268828430547,-0.17338753590073486,-0.17117580690686846,-0.1608337587402006,8.061096135215555,-0.12394315997305108,-0.18902198729296876,-0.12376981784288588,-0.11975303710472059,-0.14176451610439014,-0.1383188980972646,3.9646641695236213,-0.14075597768410064,-0.12094506751954037,-0.1672611982768258,-0.19860344618907771,-0.1693047839573925,-0.13158645471531422,-0.17668164939273,-0.13919579876322133,-0.14709173737707293,-0.7057611914207166,1.408846508619191,1.3620104492139977,-0.40703866324070626,-0.47286624374346037,-0.07142857142857141
